customer_id,country,signup_date
1,United Kingdom,2023-07-02
2,Japan,2025-05-13
3,United States,2024-07-01
4,United States,2025-05-31
5,United Arab Emirates,2023-02-06
6,United Arab Emirates,2023-01-14
7,United Arab Emirates,2025-07-11
8,Germany,2024-09-26
9,United States,2024-08-17
10,United States,2023-06-08
11,United Arab Emirates,2024-05-08
12,Japan,2023-11-25
13,Germany,2024-09-05
14,United Arab Emirates,2025-04-28
15,United Arab Emirates,2023-03-24
16,United Arab Emirates,2024-07-09
17,United Kingdom,2024-08-02
18,United States,2024-07-13
19,United Kingdom,2024-07-22
20,United Arab Emirates,2024-08-09
21,United States,2023-01-22
22,United Arab Emirates,2023-05-12
23,United Arab Emirates,2024-04-09
24,United Kingdom,2024-03-31
25,United Kingdom,2023-10-29
26,United States,2025-08-12
27,United Arab Emirates,2025-07-18
28,United States,2023-09-24
29,United States,2025-03-09
30,United Arab Emirates,2024-01-30
31,United States,2023-04-30
32,United Arab Emirates,2023-09-03
33,United Arab Emirates,2024-07-21
34,Japan,2023-02-07
35,Japan,2023-09-02
36,Germany,2023-01-21
37,United Kingdom,2023-04-20
38,United Arab Emirates,2024-08-28
39,United States,2024-01-29
40,United Kingdom,2024-02-14
41,United Arab Emirates,2025-09-13
42,United Kingdom,2024-10-09
43,United Arab Emirates,2025-01-12
44,Japan,2023-01-08
45,United Arab Emirates,2024-03-19
46,United States,2023-11-24
47,United Kingdom,2025-06-05
48,United States,2023-10-17
49,United States,2025-02-01
50,United Arab Emirates,2024-05-25
51,Japan,2025-06-30
52,United States,2023-12-27
53,Japan,2025-06-27
54,Germany,2024-08-21
55,United States,2024-12-16
56,Japan,2023-08-07
57,United Arab Emirates,2024-02-10
58,United Arab Emirates,2025-09-18
59,United Arab Emirates,2025-01-22
60,United Kingdom,2025-07-11
61,United Kingdom,2025-04-11
62,United Arab Emirates,2025-02-08
63,Germany,2024-09-12
64,United Kingdom,2025-02-06
65,United Arab Emirates,2025-09-19
66,United States,2025-03-04
67,United Arab Emirates,2023-08-08
68,Germany,2024-08-17
69,United Arab Emirates,2023-04-17
70,Japan,2024-08-03
71,United States,2024-08-31
72,United Arab Emirates,2024-12-24
73,United Arab Emirates,2023-10-13
74,Germany,2025-01-18
75,United States,2023-01-08
76,United States,2025-03-16
77,United States,2023-07-08
78,United Arab Emirates,2023-03-22
79,United Kingdom,2023-04-18
80,United Arab Emirates,2023-11-17
81,Germany,2024-08-01
82,United States,2024-11-16
83,United Kingdom,2023-12-12
84,United Arab Emirates,2025-05-12
85,United Kingdom,2023-11-24
86,United Kingdom,2024-07-08
87,United States,2024-11-29
88,United States,2023-10-29
89,Germany,2023-07-19
90,United Kingdom,2025-06-11
91,United Arab Emirates,2024-02-23
92,United States,2023-02-08
93,United States,2025-01-01
94,United States,2023-11-03
95,United States,2023-01-04
96,United Kingdom,2024-09-24
97,United States,2025-04-27
98,United Kingdom,2023-03-18
99,United Arab Emirates,2024-04-12
100,United Arab Emirates,2023-06-28
101,United Arab Emirates,2024-10-06
102,United States,2025-04-02
103,United Kingdom,2025-01-10
104,United States,2023-10-03
105,Japan,2023-06-01
106,United Arab Emirates,2023-06-13
107,United Kingdom,2023-10-17
108,United States,2024-01-13
109,United Arab Emirates,2024-09-12
110,United Arab Emirates,2024-09-29
111,United Arab Emirates,2025-01-21
112,United Arab Emirates,2023-11-06
113,Japan,2025-07-18
114,Germany,2025-09-05
115,United States,2025-07-01
116,Germany,2024-01-24
117,Germany,2025-05-06
118,United Arab Emirates,2024-10-19
119,Germany,2025-02-02
120,United States,2023-07-02
121,Germany,2025-03-31
122,Germany,2023-11-02
123,United Kingdom,2023-03-13
124,United Arab Emirates,2023-08-07
125,United Arab Emirates,2024-12-19
126,United Kingdom,2023-06-22
127,Germany,2024-10-14
128,Germany,2023-09-29
129,United Arab Emirates,2024-12-26
130,United States,2024-04-12
131,United Kingdom,2023-09-26
132,United Arab Emirates,2023-01-20
133,United Arab Emirates,2024-07-31
134,United Kingdom,2025-09-21
135,Japan,2025-03-25
136,United Kingdom,2024-05-17
137,United States,2023-05-27
138,United States,2024-03-04
139,United Kingdom,2023-06-14
140,Japan,2025-06-08
141,Japan,2023-11-06
142,United Arab Emirates,2024-06-01
143,United Kingdom,2023-01-14
144,United Kingdom,2023-05-12
145,United Arab Emirates,2025-05-03
146,United Arab Emirates,2025-01-24
147,United States,2024-03-14
148,United States,2025-01-12
149,United Arab Emirates,2025-01-09
150,United Arab Emirates,2024-11-04
151,Japan,2025-03-05
152,United Arab Emirates,2023-09-20
153,United Arab Emirates,2024-10-04
154,United Kingdom,2025-07-31
155,Japan,2023-08-13
156,United Arab Emirates,2023-09-15
157,United States,2023-08-22
158,United States,2023-12-02
159,United Arab Emirates,2024-02-13
160,United States,2025-04-07
161,United Kingdom,2025-09-01
162,United States,2023-01-24
163,United States,2023-09-28
164,United States,2023-04-05
165,United Arab Emirates,2023-05-22
166,Germany,2024-11-24
167,United Kingdom,2024-12-18
168,United Arab Emirates,2025-06-20
169,United Arab Emirates,2025-08-31
170,United States,2023-03-22
171,United States,2023-10-01
172,United Arab Emirates,2023-10-03
173,United States,2025-06-01
174,United Arab Emirates,2025-08-15
175,United States,2024-04-09
176,United Arab Emirates,2023-07-27
177,United States,2023-10-23
178,United Kingdom,2023-02-08
179,Japan,2025-08-05
180,United Arab Emirates,2023-10-15
181,United Kingdom,2023-05-04
182,United Arab Emirates,2025-05-25
183,Japan,2025-08-26
184,Germany,2023-10-10
185,United Arab Emirates,2025-05-27
186,United States,2023-06-29
187,Germany,2023-04-07
188,United States,2023-07-10
189,United States,2023-03-15
190,United Arab Emirates,2024-03-22
191,United Arab Emirates,2025-02-23
192,Germany,2024-05-11
193,Japan,2024-07-14
194,United States,2024-04-28
195,United Kingdom,2025-04-28
196,United Kingdom,2024-12-22
197,United States,2023-04-26
198,Germany,2024-06-18
199,Germany,2023-04-08
200,United States,2023-11-24
201,United States,2025-06-27
202,United Arab Emirates,2024-02-11
203,United Arab Emirates,2023-11-09
204,Germany,2024-12-02
205,United States,2024-11-24
206,United Arab Emirates,2023-05-28
207,United Arab Emirates,2023-12-08
208,United States,2024-05-09
209,United Arab Emirates,2025-08-05
210,United Arab Emirates,2023-01-23
211,United States,2023-04-15
212,United States,2024-11-05
213,United States,2024-08-01
214,United Arab Emirates,2025-03-12
215,United States,2025-03-11
216,United Arab Emirates,2024-07-11
217,United Kingdom,2024-08-15
218,United States,2025-07-29
219,United States,2024-10-20
220,Germany,2023-08-10
221,United States,2025-05-04
222,United States,2023-01-15
223,United Arab Emirates,2025-06-09
224,United Kingdom,2024-09-24
225,United Arab Emirates,2023-03-19
226,United Arab Emirates,2023-11-18
227,Japan,2025-03-17
228,United Kingdom,2023-08-29
229,Germany,2023-01-18
230,United States,2025-02-06
231,United States,2024-03-29
232,United States,2024-03-18
233,United States,2025-07-16
234,United Kingdom,2023-10-04
235,United Arab Emirates,2024-02-28
236,United States,2024-04-20
237,United Arab Emirates,2023-01-27
238,United Arab Emirates,2024-05-28
239,United States,2025-05-14
240,United Arab Emirates,2024-04-08
241,Japan,2025-03-17
242,Japan,2025-09-08
243,Japan,2025-04-03
244,United Kingdom,2023-12-29
245,United Arab Emirates,2024-01-18
246,Japan,2025-01-20
247,United Kingdom,2024-06-08
248,Japan,2024-01-17
249,Japan,2023-07-03
250,Germany,2023-07-13
251,United Arab Emirates,2024-04-06
252,United Kingdom,2023-02-25
253,Germany,2023-08-18
254,United Kingdom,2024-05-03
255,United Arab Emirates,2023-01-28
256,United States,2025-04-11
257,Japan,2024-08-05
258,United States,2024-12-22
259,United States,2025-08-17
260,United Arab Emirates,2023-07-03
261,United States,2024-02-29
262,Japan,2024-01-10
263,United Arab Emirates,2025-05-17
264,United States,2023-02-10
265,Germany,2024-04-28
266,United States,2023-09-17
267,United States,2024-03-16
268,United States,2025-07-14
269,United Kingdom,2025-05-05
270,United Arab Emirates,2023-03-25
271,Germany,2023-02-15
272,Germany,2024-03-15
273,Germany,2024-11-01
274,Japan,2025-05-05
275,United States,2024-06-02
276,United States,2025-09-12
277,United States,2025-04-24
278,United States,2024-03-13
279,United States,2023-05-16
280,United States,2023-07-02
281,Germany,2024-12-09
282,United Kingdom,2023-06-21
283,United Kingdom,2025-06-27
284,United Arab Emirates,2025-05-10
285,United States,2025-02-26
286,United Arab Emirates,2024-08-12
287,United Kingdom,2025-07-16
288,United States,2025-08-13
289,United Arab Emirates,2024-11-20
290,United States,2024-06-22
291,United Arab Emirates,2023-04-30
292,United Arab Emirates,2023-10-08
293,Germany,2023-11-04
294,United Kingdom,2024-12-08
295,United Arab Emirates,2023-10-04
296,United States,2024-06-13
297,United States,2023-10-22
298,United Arab Emirates,2025-02-21
299,United States,2023-02-22
300,United Arab Emirates,2025-03-16
301,United Arab Emirates,2024-03-07
302,United States,2023-02-21
303,United States,2024-12-28
304,United States,2023-03-13
305,United States,2023-01-28
306,Japan,2024-04-13
307,United States,2025-06-30
308,United Kingdom,2025-02-02
309,United States,2025-06-04
310,United Arab Emirates,2025-06-30
311,United Kingdom,2024-06-30
312,United Arab Emirates,2024-02-05
313,United Arab Emirates,2023-07-20
314,Japan,2025-01-30
315,Germany,2024-09-02
316,United States,2025-03-30
317,United Kingdom,2025-09-15
318,United Arab Emirates,2025-09-25
319,United Arab Emirates,2024-04-10
320,United Arab Emirates,2024-10-13
321,United States,2024-08-17
322,United States,2024-07-13
323,United States,2025-02-28
324,United Arab Emirates,2024-01-14
325,Japan,2025-01-29
326,United States,2025-06-13
327,United States,2023-06-26
328,United States,2023-02-21
329,United Kingdom,2023-03-20
330,United Arab Emirates,2024-01-20
331,United Kingdom,2025-04-13
332,United States,2024-07-29
333,United Arab Emirates,2023-01-08
334,United Arab Emirates,2023-08-02
335,United Arab Emirates,2023-01-25
336,United Arab Emirates,2024-03-25
337,Germany,2025-02-06
338,United States,2025-01-24
339,United Kingdom,2025-08-26
340,United Arab Emirates,2024-04-01
341,United Kingdom,2024-04-05
342,United Kingdom,2023-07-17
343,United Arab Emirates,2023-04-04
344,United Kingdom,2024-12-19
345,United Kingdom,2025-08-04
346,United States,2024-03-12
347,United States,2024-06-10
348,United Arab Emirates,2024-11-20
349,United Kingdom,2025-08-24
350,United States,2024-01-13
351,United States,2024-08-09
352,Germany,2023-04-14
353,United States,2025-03-16
354,United Arab Emirates,2024-11-10
355,United Arab Emirates,2025-08-19
356,United States,2024-09-18
357,United Arab Emirates,2023-02-08
358,United States,2024-04-02
359,Japan,2023-12-30
360,United States,2025-02-23
361,United Kingdom,2023-05-15
362,United States,2024-01-09
363,United Kingdom,2023-08-20
364,United States,2023-02-08
365,Japan,2025-08-21
366,United Kingdom,2025-03-13
367,Japan,2025-03-29
368,Japan,2023-02-16
369,United Arab Emirates,2023-02-05
370,United Arab Emirates,2025-04-11
371,United Arab Emirates,2023-04-05
372,United Arab Emirates,2025-09-11
373,United Arab Emirates,2023-12-27
374,United States,2024-06-08
375,United Arab Emirates,2023-05-26
376,United Kingdom,2025-07-05
377,Germany,2024-01-03
378,United Arab Emirates,2023-03-06
379,Germany,2023-08-16
380,United Arab Emirates,2025-01-23
381,United Arab Emirates,2024-06-03
382,United States,2025-03-26
383,United States,2025-05-02
384,Germany,2024-07-08
385,United States,2025-01-25
386,Germany,2023-06-30
387,United Arab Emirates,2024-05-15
388,United Arab Emirates,2024-08-19
389,United States,2023-06-04
390,Germany,2025-02-25
391,Japan,2024-06-18
392,United Kingdom,2024-09-18
393,United Kingdom,2025-03-28
394,United States,2024-03-10
395,United Kingdom,2025-03-21
396,Japan,2023-04-09
397,Germany,2024-09-07
398,United Kingdom,2024-01-07
399,United States,2024-07-16
400,United States,2023-12-28
401,United Arab Emirates,2023-04-22
402,Japan,2024-03-28
403,United States,2025-01-25
404,Germany,2023-06-18
405,United Kingdom,2024-08-06
406,Germany,2023-05-19
407,United Kingdom,2025-04-27
408,United Arab Emirates,2023-08-19
409,Japan,2023-08-27
410,United Arab Emirates,2025-09-10
411,United Kingdom,2023-09-10
412,Japan,2025-09-07
413,Japan,2024-03-11
414,United States,2025-07-07
415,United States,2024-07-14
416,United Kingdom,2024-02-26
417,United Arab Emirates,2023-10-30
418,United Kingdom,2023-03-13
419,United States,2023-09-20
420,United States,2025-04-13
421,United States,2023-08-10
422,United States,2023-03-18
423,United Arab Emirates,2023-03-03
424,United Kingdom,2024-04-15
425,United Arab Emirates,2023-06-06
426,United States,2025-03-16
427,United Kingdom,2023-05-05
428,Germany,2025-01-10
429,United Kingdom,2025-05-01
430,United Arab Emirates,2023-06-10
431,United Arab Emirates,2024-06-24
432,United States,2024-09-17
433,United States,2024-08-13
434,United Arab Emirates,2024-06-18
435,United Arab Emirates,2023-04-16
436,United States,2023-05-11
437,United Arab Emirates,2023-12-23
438,Germany,2025-09-15
439,United States,2024-11-15
440,United Arab Emirates,2025-02-14
441,United Arab Emirates,2025-05-03
442,Japan,2025-06-03
443,United Kingdom,2025-03-07
444,United Kingdom,2023-01-02
445,Germany,2023-08-21
446,Japan,2024-01-04
447,Japan,2023-09-08
448,United States,2025-08-03
449,United Kingdom,2025-04-12
450,United Arab Emirates,2023-04-18
451,United States,2023-10-03
452,United States,2023-06-29
453,United Kingdom,2024-12-25
454,Japan,2023-10-20
455,United Arab Emirates,2024-08-06
456,United Kingdom,2025-03-05
457,United Arab Emirates,2023-06-24
458,United Kingdom,2023-05-03
459,United Arab Emirates,2023-08-15
460,United Arab Emirates,2025-06-20
461,United Arab Emirates,2024-03-19
462,United States,2025-03-23
463,United States,2024-03-03
464,United States,2023-03-24
465,Japan,2025-02-03
466,United Kingdom,2024-10-19
467,United Arab Emirates,2024-09-23
468,Germany,2023-03-06
469,United Arab Emirates,2023-10-08
470,Japan,2025-03-05
471,United Arab Emirates,2024-01-26
472,Japan,2024-03-03
473,United Arab Emirates,2024-09-09
474,Germany,2025-07-13
475,United States,2025-09-17
476,Japan,2025-03-22
477,United Arab Emirates,2023-04-17
478,United States,2024-07-01
479,Japan,2024-10-20
480,United States,2023-09-19
481,United States,2025-07-09
482,United States,2023-06-08
483,United Kingdom,2023-09-22
484,United States,2024-04-12
485,United States,2023-07-21
486,Japan,2025-07-21
487,United Arab Emirates,2023-06-04
488,United Arab Emirates,2023-01-13
489,Japan,2023-10-24
490,Germany,2025-06-14
491,United Kingdom,2025-04-13
492,United States,2024-05-12
493,United Arab Emirates,2024-08-19
494,United Arab Emirates,2025-09-19
495,United Kingdom,2025-03-02
496,United Kingdom,2023-09-02
497,United States,2023-10-27
498,United Arab Emirates,2023-12-28
499,Japan,2023-12-20
500,Japan,2025-04-07
501,United States,2024-06-04
502,United States,2024-01-21
503,United Kingdom,2025-01-28
504,Germany,2023-11-08
505,United States,2024-02-18
506,United Arab Emirates,2023-10-05
507,Japan,2025-01-19
508,Germany,2024-12-15
509,Japan,2025-01-28
510,United States,2025-01-16
511,United States,2024-08-15
512,United Kingdom,2023-12-22
513,Japan,2024-06-08
514,Germany,2025-04-18
515,United Arab Emirates,2023-01-16
516,United Arab Emirates,2025-09-19
517,United Kingdom,2023-02-14
518,Germany,2023-11-17
519,Japan,2024-10-12
520,United Arab Emirates,2023-11-22
521,United States,2023-05-28
522,United Kingdom,2023-12-21
523,Japan,2023-08-24
524,Germany,2024-12-03
525,Germany,2024-09-04
526,United Kingdom,2023-04-15
527,United Kingdom,2024-04-18
528,United Arab Emirates,2025-01-31
529,United Arab Emirates,2024-01-31
530,Germany,2024-03-21
531,Germany,2024-08-28
532,Japan,2023-08-08
533,Japan,2025-09-13
534,United States,2025-03-20
535,United States,2025-04-30
536,Japan,2025-08-22
537,Germany,2024-03-17
538,United Arab Emirates,2024-10-06
539,United Kingdom,2025-05-22
540,United Arab Emirates,2024-10-28
541,Japan,2023-01-28
542,United States,2025-03-04
543,United Arab Emirates,2024-04-19
544,United States,2024-09-19
545,United States,2023-11-01
546,United Kingdom,2025-01-15
547,United Arab Emirates,2024-02-09
548,United States,2024-05-27
549,United States,2024-05-16
550,United States,2023-12-14
551,United States,2023-08-28
552,Germany,2024-07-23
553,United States,2025-04-26
554,United States,2024-11-25
555,Germany,2023-12-03
556,United Kingdom,2023-01-26
557,United Arab Emirates,2025-09-06
558,United Arab Emirates,2024-02-13
559,United States,2023-03-18
560,United States,2025-07-17
561,United States,2023-08-05
562,United Arab Emirates,2023-11-24
563,United Arab Emirates,2025-04-16
564,United Arab Emirates,2025-02-12
565,United Kingdom,2023-01-23
566,United States,2025-01-25
567,United Kingdom,2024-10-31
568,United Kingdom,2024-12-18
569,Japan,2023-11-06
570,United Kingdom,2024-08-21
571,United States,2023-09-24
572,United States,2024-02-19
573,United Kingdom,2024-10-07
574,United States,2023-09-24
575,Germany,2023-11-29
576,Japan,2025-02-18
577,United Arab Emirates,2024-03-25
578,Japan,2024-07-18
579,United Kingdom,2024-09-02
580,United Arab Emirates,2023-09-04
581,United Kingdom,2023-02-05
582,Japan,2024-02-05
583,United Kingdom,2023-01-28
584,United Kingdom,2023-08-08
585,United States,2024-02-10
586,United Arab Emirates,2024-09-05
587,United Arab Emirates,2025-02-13
588,United Arab Emirates,2023-09-28
589,United Arab Emirates,2025-01-05
590,United Arab Emirates,2024-10-12
591,United Arab Emirates,2025-03-02
592,United States,2024-05-25
593,United Arab Emirates,2025-08-20
594,United Kingdom,2023-10-13
595,Germany,2024-03-29
596,United Kingdom,2025-01-31
597,United States,2025-04-13
598,United Arab Emirates,2023-11-13
599,United Arab Emirates,2024-08-12
600,United Arab Emirates,2023-10-24
601,United Arab Emirates,2023-12-04
602,United Arab Emirates,2023-11-03
603,United Arab Emirates,2024-03-03
604,United Arab Emirates,2023-12-17
605,United Arab Emirates,2024-05-25
606,United Kingdom,2024-06-08
607,United Arab Emirates,2025-05-07
608,United Kingdom,2024-05-06
609,United States,2025-06-26
610,United States,2024-08-16
611,United Arab Emirates,2023-01-09
612,United States,2024-05-11
613,United States,2024-12-25
614,United Arab Emirates,2024-07-13
615,Germany,2024-07-14
616,Japan,2025-03-31
617,United Arab Emirates,2024-03-15
618,United Arab Emirates,2024-07-05
619,Germany,2025-05-24
620,United States,2025-03-02
621,United Arab Emirates,2025-01-07
622,United Arab Emirates,2025-08-25
623,United Kingdom,2023-04-18
624,United Kingdom,2023-09-02
625,United States,2023-09-12
626,United Kingdom,2023-02-02
627,United Kingdom,2023-01-23
628,United States,2025-04-24
629,United Arab Emirates,2024-07-19
630,United Arab Emirates,2025-03-31
631,United States,2023-02-18
632,Germany,2024-04-06
633,United States,2024-08-12
634,United States,2023-12-02
635,United Arab Emirates,2025-08-02
636,United Kingdom,2023-12-24
637,United States,2023-05-02
638,United Arab Emirates,2024-03-19
639,United Arab Emirates,2023-12-25
640,United Kingdom,2024-08-24
641,United Arab Emirates,2023-12-12
642,United Kingdom,2023-07-12
643,United Arab Emirates,2024-02-20
644,United Kingdom,2024-01-12
645,United Arab Emirates,2024-04-07
646,Germany,2025-01-25
647,United States,2024-10-22
648,United States,2023-05-26
649,United States,2024-04-22
650,United Kingdom,2025-04-07
651,United Arab Emirates,2025-06-08
652,United States,2024-10-14
653,United States,2024-02-12
654,United States,2023-10-13
655,United Kingdom,2025-06-16
656,United Arab Emirates,2025-04-30
657,United Arab Emirates,2023-04-21
658,United Kingdom,2024-09-11
659,United States,2025-05-28
660,United States,2025-03-03
661,United Kingdom,2023-02-19
662,Japan,2023-01-14
663,United States,2023-05-14
664,United Arab Emirates,2024-08-10
665,United Arab Emirates,2024-08-18
666,United Arab Emirates,2023-12-09
667,United Arab Emirates,2024-10-31
668,United Arab Emirates,2023-10-13
669,United Arab Emirates,2025-07-22
670,United Arab Emirates,2023-11-10
671,United Arab Emirates,2024-08-28
672,Germany,2023-10-24
673,United Arab Emirates,2024-08-28
674,United States,2024-07-22
675,United Kingdom,2023-06-13
676,Japan,2025-04-11
677,United Arab Emirates,2024-05-11
678,United Kingdom,2024-09-01
679,Japan,2023-01-16
680,Germany,2023-12-10
681,Germany,2023-03-19
682,United Arab Emirates,2023-12-12
683,United Arab Emirates,2023-03-13
684,United States,2023-09-27
685,Japan,2023-10-14
686,United States,2023-03-07
687,United States,2025-05-29
688,United Arab Emirates,2023-03-09
689,United States,2023-07-12
690,United Arab Emirates,2023-02-24
691,United Kingdom,2025-09-06
692,United Kingdom,2024-01-14
693,United States,2025-08-31
694,United Arab Emirates,2023-06-17
695,United Arab Emirates,2024-02-13
696,United States,2024-05-22
697,United Arab Emirates,2024-06-20
698,United States,2024-10-04
699,United Arab Emirates,2025-04-16
700,United Kingdom,2023-04-12
701,United States,2025-06-04
702,United Arab Emirates,2025-03-04
703,United Kingdom,2025-03-18
704,United Arab Emirates,2025-03-16
705,United Arab Emirates,2024-02-26
706,Japan,2025-08-21
707,United Kingdom,2025-02-13
708,Germany,2024-04-22
709,United Arab Emirates,2025-07-14
710,United States,2023-04-30
711,United States,2025-07-03
712,United States,2025-01-12
713,United Kingdom,2023-10-18
714,United Kingdom,2024-05-02
715,United Kingdom,2023-06-10
716,Japan,2024-11-03
717,Germany,2023-03-19
718,Japan,2023-02-07
719,United Arab Emirates,2024-01-29
720,United States,2024-03-16
721,Japan,2024-06-23
722,United Arab Emirates,2024-04-06
723,United Arab Emirates,2024-09-03
724,United States,2023-10-21
725,United States,2024-02-04
726,Germany,2024-09-27
727,United Arab Emirates,2025-07-05
728,United States,2023-04-02
729,United Arab Emirates,2025-02-05
730,United Arab Emirates,2024-08-31
731,United Arab Emirates,2023-01-06
732,Germany,2024-11-11
733,United States,2025-06-13
734,United States,2023-09-28
735,United Kingdom,2024-09-11
736,Germany,2025-06-17
737,United Kingdom,2025-03-21
738,Germany,2024-07-12
739,United Kingdom,2023-04-09
740,United Kingdom,2024-06-09
741,United Kingdom,2023-07-13
742,United Kingdom,2023-06-06
743,United States,2025-06-18
744,United States,2024-10-27
745,United Arab Emirates,2023-04-25
746,Germany,2024-01-31
747,United Kingdom,2025-02-08
748,United States,2024-10-18
749,Japan,2025-03-13
750,United States,2024-06-05
751,United Arab Emirates,2025-05-29
752,Japan,2023-08-02
753,United States,2025-01-14
754,United Kingdom,2024-11-13
755,United Arab Emirates,2024-06-16
756,United States,2023-01-15
757,United States,2024-02-23
758,United States,2024-01-03
759,Germany,2024-09-29
760,United States,2025-05-02
761,United Arab Emirates,2025-05-02
762,United Kingdom,2023-08-01
763,United Arab Emirates,2024-11-30
764,United States,2024-11-14
765,United Arab Emirates,2025-09-18
766,United States,2025-01-28
767,United States,2023-01-05
768,Germany,2023-08-19
769,United Kingdom,2023-07-20
770,Germany,2025-06-03
771,United Arab Emirates,2024-02-06
772,Germany,2023-05-29
773,United Arab Emirates,2024-08-06
774,United Kingdom,2024-05-06
775,United States,2023-08-14
776,United Arab Emirates,2024-08-08
777,United Arab Emirates,2025-03-29
778,United States,2023-06-18
779,United States,2025-01-30
780,United States,2025-03-02
781,United States,2025-09-26
782,United States,2023-06-01
783,United Arab Emirates,2023-08-12
784,United Kingdom,2024-05-18
785,United Arab Emirates,2025-01-06
786,Japan,2024-07-03
787,United States,2023-02-13
788,United Kingdom,2024-11-27
789,United Kingdom,2024-05-18
790,Japan,2025-08-12
791,United Arab Emirates,2023-08-29
792,United States,2025-07-18
793,United States,2025-04-22
794,United States,2023-12-17
795,United Arab Emirates,2024-12-22
796,Germany,2023-01-23
797,Japan,2024-09-27
798,United States,2024-08-20
799,United States,2023-02-12
800,Japan,2024-04-10
801,United States,2023-02-09
802,United Arab Emirates,2023-10-30
803,United States,2024-11-11
804,United States,2023-06-24
805,United Kingdom,2025-09-25
806,United States,2024-06-15
807,Japan,2024-04-05
808,Japan,2024-09-12
809,United Kingdom,2023-07-12
810,United Arab Emirates,2023-09-01
811,Japan,2025-04-15
812,Germany,2023-10-07
813,United Arab Emirates,2025-01-09
814,Japan,2023-02-05
815,Germany,2024-07-10
816,United States,2025-06-16
817,United States,2024-06-23
818,United Kingdom,2023-06-03
819,United Arab Emirates,2023-01-23
820,United Kingdom,2024-12-19
821,Germany,2025-07-20
822,United Arab Emirates,2023-04-01
823,United Kingdom,2024-01-25
824,United Kingdom,2025-07-19
825,United States,2023-12-25
826,Japan,2024-07-03
827,United Kingdom,2025-07-19
828,United Kingdom,2023-08-16
829,United States,2023-07-21
830,United Kingdom,2023-12-16
831,United Arab Emirates,2025-03-31
832,United Kingdom,2025-02-04
833,United Arab Emirates,2023-02-07
834,United Arab Emirates,2025-01-02
835,United Kingdom,2024-05-14
836,United Kingdom,2024-11-29
837,Japan,2023-02-12
838,United Kingdom,2025-05-20
839,United States,2024-09-17
840,United States,2025-02-10
841,United Arab Emirates,2024-05-31
842,United States,2023-03-09
843,United Arab Emirates,2025-01-09
844,Japan,2023-05-03
845,United Arab Emirates,2024-11-15
846,United Kingdom,2023-12-02
847,United Arab Emirates,2023-06-02
848,Japan,2025-08-31
849,United States,2025-02-17
850,United States,2024-10-30
851,United Arab Emirates,2023-06-11
852,United States,2023-08-02
853,United Arab Emirates,2025-06-28
854,Germany,2024-01-11
855,United Arab Emirates,2025-07-08
856,United Arab Emirates,2024-03-18
857,United Arab Emirates,2024-02-27
858,United Kingdom,2024-06-21
859,United States,2025-07-27
860,United Arab Emirates,2025-03-14
861,United States,2025-07-23
862,United Kingdom,2024-12-01
863,United States,2025-06-30
864,United Kingdom,2024-09-25
865,United Kingdom,2023-08-18
866,United States,2023-02-28
867,United Arab Emirates,2023-04-06
868,United Arab Emirates,2023-09-19
869,Germany,2023-12-20
870,Japan,2023-11-08
871,United Kingdom,2023-05-16
872,United Arab Emirates,2025-05-11
873,United States,2025-03-05
874,United Kingdom,2025-08-24
875,United Arab Emirates,2025-07-11
876,United Arab Emirates,2024-04-17
877,United States,2024-09-23
878,United States,2024-03-05
879,United Arab Emirates,2025-07-25
880,United Arab Emirates,2025-09-01
881,United Arab Emirates,2024-06-20
882,United States,2025-05-03
883,United Arab Emirates,2023-05-26
884,United Arab Emirates,2024-06-07
885,United States,2023-03-28
886,United Arab Emirates,2025-08-04
887,United States,2023-04-19
888,United Arab Emirates,2024-02-27
889,United Arab Emirates,2023-12-11
890,United Arab Emirates,2023-09-23
891,United States,2025-01-03
892,Germany,2024-08-08
893,Germany,2025-09-20
894,United Kingdom,2024-05-08
895,United States,2023-11-29
896,United Arab Emirates,2025-04-01
897,United Arab Emirates,2024-02-17
898,Germany,2024-09-05
899,United Arab Emirates,2025-07-25
900,United Arab Emirates,2024-10-10
901,United Arab Emirates,2023-07-10
902,United Arab Emirates,2025-08-30
903,United Arab Emirates,2025-07-21
904,United States,2023-05-22
905,United Kingdom,2025-05-18
906,Germany,2023-03-14
907,Germany,2025-04-19
908,United Kingdom,2023-06-16
909,United Arab Emirates,2023-06-17
910,United Kingdom,2024-07-19
911,United States,2023-09-16
912,United Arab Emirates,2024-03-14
913,United States,2023-04-21
914,United Kingdom,2025-01-13
915,United States,2024-11-03
916,United Kingdom,2025-05-13
917,United Arab Emirates,2025-04-18
918,Japan,2024-06-14
919,United States,2023-10-17
920,United Arab Emirates,2025-08-31
921,Germany,2024-07-15
922,United Kingdom,2024-05-24
923,Germany,2023-06-24
924,United States,2023-10-29
925,United Kingdom,2024-11-26
926,United Arab Emirates,2023-07-04
927,United Arab Emirates,2023-12-05
928,United States,2024-05-24
929,United States,2025-03-29
930,United Arab Emirates,2023-11-06
931,United Arab Emirates,2024-05-21
932,Germany,2023-12-12
933,Japan,2023-03-22
934,United States,2024-01-09
935,United Arab Emirates,2023-06-05
936,United Arab Emirates,2025-02-25
937,United Arab Emirates,2025-03-05
938,Japan,2024-03-07
939,United Arab Emirates,2024-05-14
940,United States,2025-01-30
941,United Arab Emirates,2023-05-27
942,United States,2024-04-25
943,United States,2024-03-10
944,Germany,2024-06-02
945,United Arab Emirates,2024-10-30
946,United Arab Emirates,2024-11-13
947,United Arab Emirates,2023-03-10
948,Japan,2024-08-28
949,Germany,2025-05-30
950,United States,2025-05-24
951,United States,2025-06-06
952,United States,2023-07-05
953,United Arab Emirates,2025-06-22
954,Japan,2024-11-12
955,United Kingdom,2023-07-23
956,United Kingdom,2024-07-07
957,United States,2023-01-13
958,United Arab Emirates,2024-10-27
959,United Arab Emirates,2023-10-01
960,United States,2023-10-25
961,United Arab Emirates,2023-02-20
962,United States,2024-05-14
963,United Arab Emirates,2024-01-04
964,United Kingdom,2024-12-24
965,United Arab Emirates,2024-10-17
966,United Kingdom,2023-12-23
967,United States,2023-01-03
968,United Arab Emirates,2023-09-11
969,United States,2024-04-19
970,United Kingdom,2025-04-26
971,United States,2024-05-20
972,Japan,2023-09-13
973,United States,2024-09-01
974,United Arab Emirates,2024-11-15
975,United Arab Emirates,2023-05-30
976,United Arab Emirates,2024-05-02
977,United States,2023-10-06
978,United Arab Emirates,2023-02-28
979,United Kingdom,2024-03-21
980,United States,2023-04-23
981,United Kingdom,2025-04-15
982,United States,2025-01-24
983,United Arab Emirates,2025-04-01
984,United Arab Emirates,2024-07-22
985,United States,2024-05-03
986,United Kingdom,2024-02-11
987,United States,2024-01-02
988,United Kingdom,2023-03-01
989,United Arab Emirates,2023-11-25
990,Germany,2024-12-28
991,United States,2024-04-13
992,United States,2025-01-14
993,United Arab Emirates,2024-07-20
994,United States,2025-06-03
995,United Kingdom,2024-12-20
996,United Arab Emirates,2023-03-04
997,Japan,2023-07-03
998,United Arab Emirates,2023-11-07
999,Japan,2025-03-03
1000,United Kingdom,2024-06-21
1001,United Arab Emirates,2023-06-26
1002,United States,2024-07-28
1003,Germany,2024-03-04
1004,United States,2023-03-14
1005,Germany,2025-04-26
1006,United States,2023-06-16
1007,United States,2023-08-13
1008,Germany,2024-07-30
1009,United Arab Emirates,2024-08-03
1010,United Kingdom,2025-08-09
1011,United Arab Emirates,2023-01-09
1012,Japan,2023-08-24
1013,Japan,2024-12-10
1014,United Arab Emirates,2025-07-12
1015,United States,2024-11-15
1016,Japan,2025-03-04
1017,United Arab Emirates,2023-01-28
1018,United States,2025-03-18
1019,Japan,2025-06-29
1020,United Arab Emirates,2024-10-07
1021,United States,2023-01-27
1022,United Arab Emirates,2024-07-03
1023,Japan,2023-07-15
1024,Japan,2023-07-22
1025,Japan,2023-03-26
1026,United Kingdom,2025-04-11
1027,Germany,2023-01-30
1028,Germany,2024-04-10
1029,United Kingdom,2023-04-09
1030,Germany,2025-06-17
1031,United Arab Emirates,2023-07-09
1032,United States,2023-01-12
1033,United Arab Emirates,2024-08-25
1034,United Arab Emirates,2023-01-30
1035,United Arab Emirates,2024-12-25
1036,United States,2023-02-07
1037,United Kingdom,2025-05-02
1038,United States,2024-07-25
1039,United Arab Emirates,2023-10-21
1040,United Kingdom,2023-12-26
1041,United States,2024-10-16
1042,United States,2025-07-02
1043,United Kingdom,2023-06-29
1044,United States,2025-03-07
1045,Germany,2023-04-22
1046,United States,2025-01-11
1047,United Arab Emirates,2024-03-19
1048,United Arab Emirates,2023-01-21
1049,Germany,2023-05-25
1050,United Arab Emirates,2024-05-13
1051,Germany,2023-05-26
1052,United States,2024-03-16
1053,Japan,2025-06-05
1054,United States,2024-02-25
1055,Japan,2023-11-12
1056,United Kingdom,2023-06-15
1057,United States,2024-10-13
1058,United Kingdom,2023-07-22
1059,United Kingdom,2024-05-10
1060,United States,2025-01-25
1061,Germany,2024-09-16
1062,Japan,2024-04-12
1063,United States,2024-12-13
1064,United Kingdom,2024-01-20
1065,United Kingdom,2023-11-10
1066,United States,2025-02-09
1067,United Arab Emirates,2023-09-12
1068,United Arab Emirates,2025-08-16
1069,United Kingdom,2025-07-05
1070,United Arab Emirates,2023-01-23
1071,United Arab Emirates,2025-06-23
1072,United Arab Emirates,2025-01-27
1073,United Arab Emirates,2023-12-05
1074,United Arab Emirates,2024-05-07
1075,Japan,2025-04-02
1076,United Kingdom,2024-05-25
1077,United Kingdom,2024-01-01
1078,United States,2024-01-07
1079,United Arab Emirates,2025-07-03
1080,Japan,2025-04-09
1081,United States,2024-08-21
1082,United Arab Emirates,2023-08-07
1083,United Kingdom,2024-04-19
1084,Germany,2024-02-27
1085,Japan,2023-12-22
1086,United Kingdom,2024-04-04
1087,United States,2024-05-17
1088,United Arab Emirates,2023-01-27
1089,Japan,2025-07-30
1090,United Arab Emirates,2025-03-12
1091,Japan,2025-03-11
1092,United States,2025-05-09
1093,United States,2023-08-11
1094,United States,2025-05-13
1095,United Arab Emirates,2024-11-20
1096,United Arab Emirates,2023-05-28
1097,United Arab Emirates,2024-02-28
1098,United Arab Emirates,2025-01-08
1099,United States,2023-12-17
1100,United Kingdom,2023-07-05
1101,United Arab Emirates,2024-02-19
1102,Japan,2025-03-16
1103,Germany,2025-09-08
1104,Japan,2024-03-04
1105,Japan,2023-02-10
1106,United Arab Emirates,2025-06-23
1107,United Kingdom,2024-01-28
1108,United States,2024-12-03
1109,United States,2023-03-20
1110,United Arab Emirates,2024-12-17
1111,Germany,2025-06-14
1112,United Arab Emirates,2025-02-28
1113,United Arab Emirates,2025-02-22
1114,United States,2024-06-27
1115,United States,2024-03-25
1116,United States,2024-04-18
1117,United Arab Emirates,2023-05-22
1118,Germany,2023-09-08
1119,United Arab Emirates,2023-10-21
1120,United Arab Emirates,2024-09-01
1121,Germany,2023-05-16
1122,Japan,2024-04-28
1123,Germany,2025-02-27
1124,Germany,2023-11-08
1125,United States,2025-03-24
1126,United States,2024-07-08
1127,United Arab Emirates,2024-09-23
1128,United Kingdom,2025-01-01
1129,United Kingdom,2023-02-15
1130,United Arab Emirates,2023-08-24
1131,United States,2023-02-17
1132,United Kingdom,2023-07-17
1133,United Arab Emirates,2023-03-25
1134,United Arab Emirates,2024-06-26
1135,United States,2023-06-10
1136,United Arab Emirates,2024-03-03
1137,Germany,2023-03-12
1138,United Kingdom,2024-06-03
1139,United Kingdom,2025-08-26
1140,United States,2025-06-16
1141,Germany,2025-07-01
1142,United Kingdom,2023-02-21
1143,United States,2023-02-14
1144,United States,2023-10-20
1145,United Arab Emirates,2025-07-26
1146,Germany,2025-03-22
1147,United States,2024-04-09
1148,United States,2025-06-03
1149,Germany,2024-07-03
1150,Germany,2025-05-16
1151,United States,2024-01-15
1152,Germany,2025-01-12
1153,United States,2024-04-22
1154,United States,2023-09-19
1155,United States,2024-08-02
1156,United States,2023-06-28
1157,United Arab Emirates,2023-12-23
1158,Germany,2024-02-23
1159,Germany,2024-11-28
1160,United Arab Emirates,2025-08-10
1161,Germany,2023-07-20
1162,United Arab Emirates,2025-06-20
1163,United Kingdom,2023-01-13
1164,United States,2024-03-18
1165,United Arab Emirates,2024-12-26
1166,Germany,2025-01-01
1167,Germany,2023-10-13
1168,United States,2025-01-25
1169,United Arab Emirates,2025-05-17
1170,United Arab Emirates,2023-09-15
1171,United States,2024-07-23
1172,Japan,2024-07-01
1173,United States,2025-04-19
1174,United Arab Emirates,2025-07-29
1175,United States,2024-05-04
1176,United States,2024-05-12
1177,United States,2025-06-23
1178,United Arab Emirates,2025-06-12
1179,United States,2024-12-05
1180,United States,2023-11-29
1181,Japan,2024-07-15
1182,United Kingdom,2025-09-01
1183,United States,2023-02-01
1184,Japan,2024-09-01
1185,United Arab Emirates,2023-02-12
1186,Japan,2025-06-11
1187,United States,2023-12-17
1188,United Arab Emirates,2023-11-30
1189,United Kingdom,2025-04-01
1190,United States,2024-07-12
1191,United Arab Emirates,2023-09-27
1192,United States,2025-08-01
1193,United Kingdom,2025-04-02
1194,United States,2024-02-17
1195,United Arab Emirates,2025-07-31
1196,Germany,2024-07-28
1197,Japan,2023-01-19
1198,Japan,2023-12-13
1199,United States,2025-06-23
1200,United Arab Emirates,2024-09-04
1201,United States,2023-02-06
1202,United Arab Emirates,2024-09-10
1203,United Arab Emirates,2023-04-02
1204,United Kingdom,2025-03-30
1205,United Kingdom,2023-07-04
1206,United States,2024-12-28
1207,United States,2023-01-28
1208,United Kingdom,2024-07-01
1209,United Arab Emirates,2024-01-07
1210,Japan,2025-04-11
1211,United Kingdom,2024-06-13
1212,United Kingdom,2023-12-11
1213,United Arab Emirates,2024-02-23
1214,United States,2023-07-15
1215,United States,2023-03-19
1216,United Arab Emirates,2023-06-16
1217,United Arab Emirates,2023-03-31
1218,United States,2023-09-21
1219,United States,2024-04-16
1220,United Arab Emirates,2023-07-27
1221,Japan,2024-12-24
1222,United Arab Emirates,2023-09-28
1223,United Kingdom,2023-09-20
1224,Japan,2024-05-20
1225,United Kingdom,2025-02-23
1226,United States,2024-05-26
1227,United Kingdom,2025-05-03
1228,United Arab Emirates,2024-12-26
1229,Japan,2025-06-04
1230,United Kingdom,2024-07-29
1231,Germany,2024-06-07
1232,United Arab Emirates,2024-12-22
1233,United Arab Emirates,2023-11-08
1234,United Arab Emirates,2023-06-23
1235,United States,2024-03-06
1236,United Kingdom,2025-02-06
1237,Germany,2024-04-07
1238,United Kingdom,2023-04-11
1239,Japan,2023-01-16
1240,United Arab Emirates,2024-12-09
1241,Germany,2023-09-15
1242,United States,2025-06-14
1243,United States,2023-09-01
1244,Germany,2023-12-14
1245,United States,2023-09-06
1246,United States,2023-04-15
1247,United Arab Emirates,2024-11-24
1248,United Arab Emirates,2024-10-28
1249,Japan,2023-10-14
1250,United States,2023-06-18
1251,United States,2024-02-24
1252,United Kingdom,2023-02-16
1253,United Arab Emirates,2023-02-12
1254,United Arab Emirates,2023-11-17
1255,United States,2025-03-28
1256,United Kingdom,2023-08-09
1257,United Arab Emirates,2024-05-27
1258,United Kingdom,2024-12-12
1259,United Arab Emirates,2024-03-16
1260,United States,2023-05-24
1261,United Arab Emirates,2025-06-08
1262,United States,2023-01-28
1263,United Kingdom,2025-05-03
1264,United Kingdom,2025-04-29
1265,United Arab Emirates,2025-02-28
1266,United Arab Emirates,2024-07-06
1267,United Kingdom,2025-04-23
1268,United Kingdom,2024-10-20
1269,United States,2025-05-06
1270,United Arab Emirates,2024-11-20
1271,United States,2025-04-06
1272,Germany,2025-04-16
1273,United States,2025-07-18
1274,United Arab Emirates,2023-06-16
1275,United Kingdom,2024-09-26
1276,United Arab Emirates,2024-08-08
1277,United Arab Emirates,2025-01-20
1278,Japan,2023-09-06
1279,United Arab Emirates,2025-02-13
1280,United Kingdom,2025-02-02
1281,United States,2023-12-23
1282,United States,2023-04-21
1283,United States,2024-11-22
1284,United Arab Emirates,2024-11-30
1285,United Kingdom,2025-03-30
1286,United States,2024-12-19
1287,United Arab Emirates,2023-08-22
1288,United Kingdom,2023-01-24
1289,United Arab Emirates,2023-01-26
1290,United Arab Emirates,2024-01-16
1291,United Kingdom,2024-12-30
1292,United Arab Emirates,2023-12-12
1293,United States,2024-01-13
1294,United States,2024-06-05
1295,Germany,2023-01-17
1296,United Arab Emirates,2023-09-02
1297,United Arab Emirates,2024-12-18
1298,United Arab Emirates,2025-02-08
1299,United States,2024-09-15
1300,United States,2024-12-17
1301,United Arab Emirates,2024-06-22
1302,Japan,2025-08-26
1303,United Arab Emirates,2024-08-05
1304,United States,2024-11-18
1305,United States,2023-07-21
1306,Germany,2023-09-05
1307,United States,2023-04-28
1308,Germany,2023-01-09
1309,United Kingdom,2024-08-20
1310,Germany,2023-01-23
1311,United Arab Emirates,2025-08-24
1312,Germany,2023-08-28
1313,United States,2024-08-07
1314,Germany,2023-01-27
1315,United Kingdom,2025-09-10
1316,United States,2025-05-10
1317,United States,2023-03-22
1318,United States,2024-08-18
1319,United Arab Emirates,2023-07-18
1320,United Arab Emirates,2024-07-08
1321,United Arab Emirates,2025-09-26
1322,United Arab Emirates,2025-02-13
1323,Germany,2023-04-02
1324,United Arab Emirates,2025-04-30
1325,Japan,2025-08-16
1326,United Kingdom,2023-03-25
1327,United Arab Emirates,2023-10-27
1328,United States,2025-07-23
1329,United States,2023-10-23
1330,United Kingdom,2024-10-08
1331,United States,2024-03-29
1332,United States,2023-10-08
1333,United Arab Emirates,2023-02-28
1334,Japan,2025-06-27
1335,Japan,2025-05-20
1336,United States,2025-09-26
1337,United Arab Emirates,2023-12-08
1338,United States,2025-01-22
1339,United Arab Emirates,2024-04-09
1340,United Arab Emirates,2025-05-29
1341,United Arab Emirates,2023-12-08
1342,United Kingdom,2024-09-01
1343,Germany,2023-03-03
1344,United States,2025-02-14
1345,United States,2024-09-16
1346,United Kingdom,2024-03-04
1347,United Kingdom,2024-10-19
1348,United Kingdom,2024-12-28
1349,Japan,2023-09-13
1350,United Arab Emirates,2025-04-07
1351,Germany,2025-04-07
1352,United States,2025-05-23
1353,United Kingdom,2025-02-08
1354,United States,2024-12-06
1355,United Kingdom,2023-12-13
1356,Germany,2024-06-09
1357,Japan,2023-10-31
1358,United Kingdom,2024-09-06
1359,United Arab Emirates,2023-09-02
1360,United States,2025-01-26
1361,Japan,2025-04-03
1362,United Arab Emirates,2025-02-18
1363,United States,2025-01-05
1364,United States,2025-01-01
1365,United States,2025-04-02
1366,United Arab Emirates,2024-02-16
1367,United States,2025-05-27
1368,Japan,2023-08-05
1369,United Arab Emirates,2024-05-30
1370,United Arab Emirates,2024-04-18
1371,Japan,2023-02-05
1372,United Arab Emirates,2023-06-27
1373,Germany,2024-01-22
1374,United Kingdom,2025-02-07
1375,United Arab Emirates,2023-01-17
1376,Germany,2024-12-11
1377,United Kingdom,2025-04-09
1378,United States,2023-02-17
1379,United Kingdom,2023-03-03
1380,United States,2023-03-10
1381,United Arab Emirates,2024-10-20
1382,United Kingdom,2025-05-20
1383,Japan,2024-01-01
1384,United Arab Emirates,2023-06-11
1385,United States,2025-01-08
1386,United Kingdom,2025-08-02
1387,United States,2025-09-02
1388,United Arab Emirates,2024-05-02
1389,Japan,2024-03-06
1390,United Kingdom,2025-09-25
1391,United Arab Emirates,2025-05-08
1392,United Arab Emirates,2024-05-03
1393,United Arab Emirates,2023-08-18
1394,United States,2024-01-05
1395,United Kingdom,2023-06-27
1396,Germany,2025-05-06
1397,United Kingdom,2024-02-14
1398,United Arab Emirates,2024-07-21
1399,United States,2024-08-12
1400,United States,2023-09-27
1401,United Arab Emirates,2023-07-25
1402,United Arab Emirates,2025-03-03
1403,United Arab Emirates,2025-01-09
1404,United States,2025-06-18
1405,United States,2025-01-20
1406,United Kingdom,2025-09-01
1407,Germany,2025-03-10
1408,Germany,2023-03-23
1409,United States,2025-04-25
1410,Germany,2025-01-31
1411,United Arab Emirates,2023-07-12
1412,United Arab Emirates,2024-09-09
1413,United Arab Emirates,2023-07-08
1414,United Arab Emirates,2023-10-03
1415,United States,2023-03-15
1416,Japan,2023-01-10
1417,United Arab Emirates,2024-09-26
1418,United Arab Emirates,2023-08-04
1419,United Kingdom,2023-10-17
1420,Japan,2024-03-20
1421,United Kingdom,2025-09-14
1422,United States,2025-07-11
1423,United Arab Emirates,2024-07-05
1424,United Arab Emirates,2023-07-12
1425,Japan,2024-09-30
1426,Japan,2023-10-16
1427,United Arab Emirates,2025-08-21
1428,Japan,2024-08-05
1429,United States,2024-10-10
1430,Germany,2023-05-24
1431,United Kingdom,2024-01-24
1432,United States,2025-05-15
1433,United Kingdom,2025-06-10
1434,United States,2024-02-11
1435,United Arab Emirates,2025-03-21
1436,United Arab Emirates,2024-01-05
1437,United Kingdom,2025-05-06
1438,United States,2024-03-16
1439,United Arab Emirates,2025-08-04
1440,United States,2025-02-19
1441,Japan,2025-06-14
1442,United Arab Emirates,2025-07-08
1443,United States,2024-10-12
1444,United Kingdom,2024-07-17
1445,Germany,2024-06-12
1446,United Arab Emirates,2024-11-07
1447,United States,2023-01-13
1448,Germany,2024-12-02
1449,Japan,2025-09-13
1450,United States,2023-12-06
1451,United Kingdom,2025-05-14
1452,United States,2025-05-23
1453,Germany,2025-05-13
1454,United States,2025-02-14
1455,United Arab Emirates,2023-11-08
1456,Japan,2025-01-02
1457,United States,2023-04-14
1458,United States,2023-12-05
1459,United Arab Emirates,2023-07-17
1460,United States,2023-10-27
1461,United Kingdom,2024-03-19
1462,United States,2023-12-25
1463,United Arab Emirates,2024-01-03
1464,United States,2023-06-18
1465,Japan,2023-05-29
1466,United Arab Emirates,2025-01-30
1467,Japan,2025-02-06
1468,United Kingdom,2025-09-08
1469,Germany,2023-02-11
1470,United States,2023-07-21
1471,United States,2025-08-27
1472,United States,2023-09-01
1473,Germany,2024-10-30
1474,United Kingdom,2024-04-08
1475,United Kingdom,2024-03-24
1476,United States,2025-07-01
1477,Germany,2025-03-08
1478,United States,2025-03-04
1479,United States,2024-03-12
1480,United Kingdom,2025-06-11
1481,Germany,2025-01-19
1482,United Arab Emirates,2024-06-14
1483,United States,2024-07-18
1484,United Arab Emirates,2024-08-19
1485,United Kingdom,2023-09-30
1486,United Kingdom,2024-03-05
1487,United Kingdom,2025-05-21
1488,United States,2023-08-01
1489,United Kingdom,2025-08-06
1490,United Kingdom,2025-05-22
1491,United Arab Emirates,2023-04-14
1492,United Kingdom,2023-07-11
1493,United Arab Emirates,2025-07-29
1494,United Arab Emirates,2024-11-19
1495,United States,2024-10-20
1496,United States,2024-01-15
1497,United States,2025-08-24
1498,United Kingdom,2023-03-22
1499,United Kingdom,2024-12-05
1500,Germany,2024-07-02
1501,United States,2024-01-12
1502,United Kingdom,2025-04-17
1503,United Arab Emirates,2023-06-03
1504,United Kingdom,2024-10-03
1505,United Kingdom,2024-07-24
1506,United Kingdom,2025-01-05
1507,United States,2025-01-30
1508,United States,2023-08-28
1509,United States,2024-01-09
1510,United States,2025-06-19
1511,Germany,2025-03-15
1512,United States,2025-03-09
1513,Japan,2023-07-23
1514,United Arab Emirates,2024-09-02
1515,United Arab Emirates,2023-12-16
1516,United Arab Emirates,2024-11-18
1517,United States,2025-02-12
1518,Germany,2025-02-21
1519,United Arab Emirates,2023-05-23
1520,Japan,2023-07-08
1521,United Arab Emirates,2023-09-29
1522,Japan,2024-06-15
1523,United Kingdom,2025-04-24
1524,United Arab Emirates,2023-10-27
1525,United Kingdom,2024-03-01
1526,United Arab Emirates,2023-02-15
1527,United Arab Emirates,2023-04-05
1528,United Kingdom,2025-07-18
1529,Germany,2023-03-05
1530,United States,2024-02-17
1531,United Kingdom,2024-10-04
1532,United States,2023-01-09
1533,United States,2024-04-03
1534,United Arab Emirates,2024-12-15
1535,United Kingdom,2024-02-13
1536,United Arab Emirates,2024-04-14
1537,United Arab Emirates,2025-03-20
1538,United States,2024-05-20
1539,United Arab Emirates,2024-11-16
1540,United States,2023-03-14
1541,United States,2023-03-25
1542,United Arab Emirates,2023-02-28
1543,United States,2023-01-21
1544,United Arab Emirates,2024-04-02
1545,Japan,2025-07-06
1546,United Kingdom,2023-06-06
1547,Germany,2025-04-10
1548,United States,2023-11-25
1549,United Arab Emirates,2024-07-26
1550,United States,2024-07-29
1551,Japan,2025-04-16
1552,United States,2024-11-10
1553,Germany,2023-07-22
1554,Germany,2024-10-02
1555,United Arab Emirates,2025-01-26
1556,United Arab Emirates,2023-04-16
1557,United States,2025-04-12
1558,United Kingdom,2023-05-02
1559,Germany,2023-11-14
1560,Japan,2023-07-01
1561,United Kingdom,2024-09-06
1562,United Arab Emirates,2023-11-12
1563,United States,2025-03-24
1564,United Arab Emirates,2025-02-11
1565,Germany,2024-09-16
1566,United Kingdom,2024-02-10
1567,United States,2025-09-12
1568,United Arab Emirates,2025-08-06
1569,United States,2023-03-11
1570,United Kingdom,2023-06-09
1571,United States,2023-08-28
1572,United Arab Emirates,2024-06-06
1573,United States,2023-05-18
1574,Germany,2024-05-09
1575,United Arab Emirates,2024-11-09
1576,United Arab Emirates,2023-09-04
1577,United Arab Emirates,2025-05-15
1578,United States,2024-06-26
1579,United States,2024-06-07
1580,United States,2023-08-31
1581,United Arab Emirates,2024-09-11
1582,United Kingdom,2023-12-02
1583,United States,2024-02-26
1584,United Kingdom,2025-04-14
1585,Japan,2023-07-13
1586,United Arab Emirates,2023-11-04
1587,United States,2024-10-06
1588,United Kingdom,2025-06-25
1589,United Kingdom,2024-05-20
1590,United States,2023-10-08
1591,United States,2025-03-13
1592,Japan,2024-11-05
1593,United Arab Emirates,2025-02-28
1594,United Arab Emirates,2025-07-21
1595,United States,2025-09-08
1596,United States,2024-03-14
1597,United Arab Emirates,2024-12-15
1598,United Arab Emirates,2024-08-30
1599,United Arab Emirates,2024-04-27
1600,Germany,2023-08-11
1601,United Arab Emirates,2025-01-18
1602,United Kingdom,2023-04-27
1603,United Arab Emirates,2025-08-25
1604,United Kingdom,2023-07-11
1605,United Arab Emirates,2025-02-26
1606,United States,2024-09-09
1607,United Arab Emirates,2025-09-20
1608,Germany,2024-05-30
1609,United Arab Emirates,2024-06-13
1610,United States,2023-11-03
1611,Germany,2025-08-21
1612,United States,2024-06-15
1613,United States,2023-05-02
1614,United Kingdom,2024-10-10
1615,United Kingdom,2024-08-14
1616,United States,2023-06-03
1617,Japan,2025-05-19
1618,United States,2024-06-20
1619,United States,2024-03-27
1620,United States,2023-06-18
1621,United Kingdom,2023-02-28
1622,United Arab Emirates,2023-10-28
1623,United States,2024-07-06
1624,Japan,2024-07-03
1625,United Arab Emirates,2023-04-27
1626,United States,2025-02-25
1627,United Arab Emirates,2025-02-20
1628,United States,2023-05-07
1629,United Arab Emirates,2024-02-09
1630,United Kingdom,2024-02-03
1631,United States,2024-05-29
1632,United Kingdom,2025-03-15
1633,United States,2025-06-03
1634,United States,2024-05-12
1635,Japan,2025-07-30
1636,United Arab Emirates,2024-06-11
1637,United Kingdom,2024-02-02
1638,United Arab Emirates,2023-09-22
1639,Japan,2025-01-20
1640,Japan,2023-09-20
1641,United States,2024-02-02
1642,Germany,2024-10-07
1643,United States,2024-12-25
1644,United States,2024-06-10
1645,United Arab Emirates,2024-03-11
1646,United States,2025-04-19
1647,United Arab Emirates,2025-07-18
1648,Germany,2023-12-26
1649,United States,2023-05-09
1650,United States,2025-05-13
1651,United Arab Emirates,2024-09-25
1652,United Kingdom,2023-08-29
1653,United Arab Emirates,2024-09-18
1654,United Kingdom,2024-12-09
1655,United Arab Emirates,2023-08-10
1656,Japan,2023-08-02
1657,United States,2025-07-04
1658,United Kingdom,2024-08-14
1659,United Kingdom,2025-02-13
1660,United Kingdom,2023-05-15
1661,United States,2025-03-28
1662,United States,2025-01-23
1663,Japan,2024-01-21
1664,United Kingdom,2023-10-30
1665,Japan,2025-02-20
1666,Germany,2023-10-14
1667,United Arab Emirates,2024-07-15
1668,Japan,2023-07-08
1669,United Arab Emirates,2023-10-24
1670,Germany,2024-06-09
1671,United Kingdom,2024-01-24
1672,Germany,2024-04-03
1673,Germany,2025-01-13
1674,Germany,2023-09-18
1675,United States,2024-12-04
1676,United Kingdom,2025-07-13
1677,United Arab Emirates,2024-12-15
1678,United Kingdom,2025-02-11
1679,United Arab Emirates,2023-04-23
1680,United States,2025-06-04
1681,United Kingdom,2025-05-13
1682,Japan,2023-02-05
1683,United States,2023-03-20
1684,Germany,2023-10-02
1685,United Arab Emirates,2025-08-17
1686,Germany,2023-10-05
1687,Japan,2024-11-04
1688,United Kingdom,2023-11-08
1689,United States,2024-06-12
1690,United States,2023-07-23
1691,United Arab Emirates,2025-09-11
1692,United States,2025-08-09
1693,United Kingdom,2023-01-17
1694,United Arab Emirates,2024-12-14
1695,United Kingdom,2024-04-20
1696,United Arab Emirates,2024-05-25
1697,United Arab Emirates,2023-07-29
1698,United Arab Emirates,2024-05-13
1699,Japan,2024-02-06
1700,United States,2024-03-04
1701,Japan,2025-09-18
1702,United Kingdom,2023-03-19
1703,United Kingdom,2024-07-21
1704,United States,2023-03-21
1705,United Kingdom,2023-11-02
1706,United Arab Emirates,2023-02-27
1707,United States,2024-06-13
1708,United Arab Emirates,2023-07-27
1709,United States,2024-05-25
1710,United States,2025-09-03
1711,United Arab Emirates,2023-05-15
1712,United Arab Emirates,2025-04-23
1713,United States,2025-09-20
1714,United Kingdom,2024-06-05
1715,United Arab Emirates,2024-08-03
1716,Japan,2025-05-02
1717,United Arab Emirates,2025-06-17
1718,United States,2023-03-24
1719,Japan,2024-09-12
1720,United Arab Emirates,2023-02-13
1721,United Arab Emirates,2024-04-27
1722,United Arab Emirates,2025-08-23
1723,United Kingdom,2025-06-28
1724,United Arab Emirates,2024-10-05
1725,United States,2024-05-07
1726,United Arab Emirates,2024-05-13
1727,United States,2023-01-18
1728,Japan,2024-08-27
1729,Germany,2025-09-21
1730,United States,2025-08-05
1731,United Kingdom,2023-10-21
1732,United States,2025-09-02
1733,United States,2023-05-28
1734,United Kingdom,2024-04-16
1735,United Arab Emirates,2025-09-21
1736,Germany,2023-06-21
1737,United Kingdom,2024-07-16
1738,United Arab Emirates,2024-06-14
1739,United Kingdom,2023-04-30
1740,United Kingdom,2025-04-15
1741,Germany,2025-01-06
1742,United States,2023-03-07
1743,United States,2023-05-21
1744,United Arab Emirates,2024-03-21
1745,United Kingdom,2024-05-20
1746,United Kingdom,2023-07-08
1747,United Arab Emirates,2023-06-07
1748,United Arab Emirates,2024-09-01
1749,United States,2024-10-31
1750,United Arab Emirates,2025-08-04
1751,United States,2023-09-03
1752,United Arab Emirates,2025-05-05
1753,United Arab Emirates,2025-08-01
1754,United Arab Emirates,2025-01-17
1755,Japan,2023-02-02
1756,Germany,2023-12-27
1757,Japan,2025-01-22
1758,United Kingdom,2023-11-26
1759,United Arab Emirates,2024-05-26
1760,United States,2025-04-29
1761,United Kingdom,2025-02-25
1762,Germany,2023-03-12
1763,United Arab Emirates,2023-11-09
1764,United Kingdom,2025-07-03
1765,United Arab Emirates,2024-12-28
1766,United Kingdom,2023-03-20
1767,United States,2023-06-18
1768,United Kingdom,2025-03-20
1769,United Kingdom,2025-09-09
1770,United Kingdom,2023-06-29
1771,United Kingdom,2024-09-19
1772,United States,2023-09-17
1773,Germany,2024-04-30
1774,Japan,2025-02-10
1775,United States,2023-01-05
1776,United Kingdom,2023-10-24
1777,United States,2024-09-11
1778,United Kingdom,2025-05-04
1779,United Arab Emirates,2023-12-26
1780,Germany,2023-04-27
1781,United Arab Emirates,2023-12-23
1782,Japan,2025-08-14
1783,United Kingdom,2025-04-22
1784,United States,2024-03-14
1785,United States,2023-11-27
1786,Germany,2024-06-08
1787,United States,2024-10-15
1788,United States,2023-07-07
1789,United Arab Emirates,2025-08-25
1790,United States,2023-10-08
1791,United Arab Emirates,2024-05-25
1792,United States,2024-04-10
1793,United States,2023-04-25
1794,United States,2025-07-28
1795,United Arab Emirates,2023-08-24
1796,United Arab Emirates,2023-12-04
1797,United States,2024-06-05
1798,United Arab Emirates,2023-07-18
1799,United Arab Emirates,2025-02-02
1800,United Arab Emirates,2023-02-19
1801,Japan,2025-07-28
1802,United States,2023-05-22
1803,United Kingdom,2025-02-21
1804,United Arab Emirates,2024-06-11
1805,United Kingdom,2024-05-28
1806,United States,2024-10-31
1807,United States,2023-01-30
1808,United Arab Emirates,2023-03-23
1809,United Arab Emirates,2023-01-31
1810,United Arab Emirates,2025-01-17
1811,United States,2023-11-29
1812,United States,2024-10-21
1813,United Arab Emirates,2023-06-26
1814,United Arab Emirates,2024-01-05
1815,United Arab Emirates,2024-06-30
1816,Japan,2024-06-18
1817,United Arab Emirates,2023-04-16
1818,United States,2023-04-07
1819,United States,2023-08-18
1820,United Kingdom,2023-08-15
1821,United Arab Emirates,2024-01-06
1822,United Arab Emirates,2023-04-10
1823,United States,2024-03-20
1824,United States,2024-04-12
1825,United States,2023-02-24
1826,United States,2023-07-14
1827,United Arab Emirates,2024-06-03
1828,Japan,2024-02-28
1829,United States,2023-11-11
1830,United Arab Emirates,2023-05-08
1831,Japan,2023-02-01
1832,United States,2023-04-03
1833,United States,2024-06-02
1834,United States,2023-09-15
1835,Germany,2025-05-02
1836,United States,2025-06-20
1837,United Arab Emirates,2023-08-08
1838,United Kingdom,2025-01-21
1839,Japan,2023-04-16
1840,United Arab Emirates,2024-07-01
1841,United Kingdom,2024-02-20
1842,United Kingdom,2024-07-10
1843,United Kingdom,2025-03-20
1844,United States,2023-11-05
1845,Japan,2024-01-01
1846,United Arab Emirates,2024-06-04
1847,United Arab Emirates,2024-04-03
1848,United Arab Emirates,2024-08-21
1849,Germany,2024-01-05
1850,United States,2023-11-27
1851,United Arab Emirates,2024-11-19
1852,Germany,2024-10-03
1853,Germany,2024-12-07
1854,Germany,2023-01-11
1855,Japan,2025-03-28
1856,United Arab Emirates,2024-05-21
1857,United States,2024-02-23
1858,United Kingdom,2023-05-02
1859,Germany,2025-06-29
1860,United States,2023-08-23
1861,United States,2023-11-27
1862,United States,2024-06-26
1863,United Arab Emirates,2023-12-14
1864,United States,2025-08-15
1865,Japan,2024-02-16
1866,Japan,2023-08-12
1867,United Arab Emirates,2023-06-02
1868,United Arab Emirates,2023-07-31
1869,United Arab Emirates,2023-04-02
1870,United States,2025-07-09
1871,Germany,2023-11-27
1872,United Arab Emirates,2024-04-11
1873,United States,2025-05-09
1874,Germany,2024-10-02
1875,United States,2025-08-12
1876,United States,2024-12-09
1877,United States,2025-08-27
1878,United States,2024-07-07
1879,United Arab Emirates,2025-05-27
1880,United States,2025-07-18
1881,United States,2023-08-16
1882,Germany,2023-07-13
1883,United States,2024-06-13
1884,United States,2025-04-24
1885,United Arab Emirates,2023-08-31
1886,United Kingdom,2024-01-24
1887,United Arab Emirates,2023-10-03
1888,United Arab Emirates,2024-03-25
1889,United States,2024-09-30
1890,Japan,2024-08-09
1891,United Arab Emirates,2024-07-27
1892,United Kingdom,2024-04-22
1893,Germany,2024-04-24
1894,United Arab Emirates,2023-10-15
1895,United States,2024-11-28
1896,United States,2024-11-20
1897,United States,2024-11-08
1898,United Arab Emirates,2024-11-25
1899,United Kingdom,2024-06-23
1900,United States,2023-11-26
1901,United States,2024-04-14
1902,United Arab Emirates,2025-01-28
1903,United States,2025-04-28
1904,United Arab Emirates,2024-06-17
1905,United States,2025-07-27
1906,United Arab Emirates,2024-04-11
1907,Japan,2025-09-03
1908,United Kingdom,2025-09-10
1909,United Kingdom,2024-02-24
1910,United Arab Emirates,2024-08-30
1911,United Kingdom,2023-05-02
1912,Germany,2025-01-31
1913,Japan,2025-06-09
1914,United Kingdom,2023-11-04
1915,United Kingdom,2025-07-20
1916,United States,2025-07-12
1917,Germany,2023-11-30
1918,United States,2025-08-11
1919,United Kingdom,2024-02-24
1920,United Kingdom,2023-11-22
1921,United States,2024-10-10
1922,United Arab Emirates,2025-02-27
1923,United States,2025-04-11
1924,United Kingdom,2025-04-23
1925,United States,2024-07-26
1926,United Arab Emirates,2023-09-07
1927,United States,2025-09-16
1928,United Kingdom,2023-04-05
1929,United States,2023-10-23
1930,United Arab Emirates,2023-07-03
1931,United States,2023-09-17
1932,United States,2025-03-09
1933,United States,2024-10-28
1934,United States,2023-07-05
1935,United States,2024-02-13
1936,Germany,2023-03-10
1937,United Arab Emirates,2025-04-17
1938,Germany,2025-02-11
1939,United Kingdom,2024-09-18
1940,United Arab Emirates,2025-05-08
1941,United Arab Emirates,2023-01-08
1942,United Kingdom,2023-09-22
1943,United States,2025-02-21
1944,United States,2024-04-28
1945,United States,2025-01-30
1946,United States,2024-09-08
1947,United Kingdom,2025-02-13
1948,United Arab Emirates,2025-01-05
1949,United Kingdom,2025-04-19
1950,United Kingdom,2024-01-06
1951,United Arab Emirates,2025-02-21
1952,United Arab Emirates,2024-11-07
1953,United States,2023-03-24
1954,United States,2025-03-17
1955,Japan,2024-10-07
1956,Japan,2023-07-30
1957,United States,2023-11-09
1958,United Kingdom,2024-08-26
1959,United States,2023-12-03
1960,United States,2024-05-04
1961,United Arab Emirates,2024-02-07
1962,United Kingdom,2024-09-30
1963,Germany,2023-07-10
1964,United Kingdom,2024-11-01
1965,United States,2025-04-22
1966,United States,2023-12-01
1967,United Arab Emirates,2024-06-05
1968,United Kingdom,2024-09-10
1969,United Kingdom,2023-03-28
1970,United Arab Emirates,2024-08-01
1971,United Arab Emirates,2023-03-03
1972,Germany,2024-01-22
1973,United Arab Emirates,2023-05-26
1974,United States,2023-06-02
1975,United Arab Emirates,2024-09-10
1976,Japan,2024-10-21
1977,United Arab Emirates,2024-11-28
1978,United Kingdom,2023-12-15
1979,Germany,2025-05-03
1980,Germany,2023-06-27
1981,United Arab Emirates,2025-06-07
1982,Germany,2025-04-26
1983,United Kingdom,2024-05-01
1984,United Kingdom,2025-02-16
1985,United Arab Emirates,2024-10-22
1986,United Arab Emirates,2023-09-04
1987,United States,2023-09-11
1988,United Kingdom,2024-05-14
1989,United Kingdom,2024-06-24
1990,United States,2023-12-18
1991,United States,2024-05-26
1992,United Arab Emirates,2025-02-16
1993,United States,2023-01-13
1994,United Arab Emirates,2024-07-12
1995,United States,2023-05-31
1996,United States,2023-02-19
1997,Japan,2023-08-03
1998,United Arab Emirates,2025-09-17
1999,United Arab Emirates,2024-10-05
2000,United Arab Emirates,2024-01-07
2001,United Arab Emirates,2023-04-23
2002,United Arab Emirates,2023-09-09
2003,Japan,2025-08-20
2004,United Arab Emirates,2023-12-07
2005,United Arab Emirates,2023-02-22
2006,United States,2023-05-10
2007,United Kingdom,2025-04-15
2008,United States,2023-07-12
2009,United Arab Emirates,2024-08-13
2010,United Kingdom,2023-02-26
2011,United Arab Emirates,2023-04-07
2012,United Arab Emirates,2023-07-17
2013,Japan,2024-10-08
2014,United Arab Emirates,2023-05-27
2015,United States,2024-11-14
2016,United Kingdom,2024-07-28
2017,United Kingdom,2024-07-30
2018,Germany,2023-10-22
2019,United Arab Emirates,2024-12-23
2020,United States,2024-09-12
2021,Japan,2025-03-04
2022,United States,2024-11-14
2023,Japan,2023-01-12
2024,United Arab Emirates,2025-07-06
2025,United Kingdom,2023-11-29
2026,United Arab Emirates,2023-08-08
2027,United States,2024-02-02
2028,Japan,2023-12-08
2029,United Arab Emirates,2025-03-08
2030,United States,2024-05-26
2031,United Arab Emirates,2023-06-21
2032,United States,2024-04-12
2033,United Kingdom,2025-01-17
2034,Japan,2025-09-13
2035,United States,2023-06-15
2036,United Kingdom,2024-11-29
2037,United Arab Emirates,2023-06-19
2038,United Arab Emirates,2024-07-17
2039,United Arab Emirates,2024-05-26
2040,United Arab Emirates,2025-04-10
2041,Germany,2023-07-08
2042,United States,2023-04-30
2043,United States,2023-04-15
2044,United Arab Emirates,2024-11-04
2045,Germany,2025-03-17
2046,United States,2023-02-10
2047,United Arab Emirates,2025-06-07
2048,United States,2025-05-25
2049,United States,2024-11-07
2050,United Arab Emirates,2023-11-17
2051,United Kingdom,2025-06-04
2052,United Kingdom,2023-12-01
2053,United Arab Emirates,2023-06-09
2054,Japan,2023-09-21
2055,Germany,2025-05-14
2056,United States,2024-06-13
2057,United Kingdom,2024-11-15
2058,United Kingdom,2024-04-21
2059,United States,2023-12-18
2060,United States,2024-06-28
2061,United Arab Emirates,2025-02-11
2062,United States,2023-07-29
2063,Germany,2024-05-10
2064,United Kingdom,2025-06-13
2065,United Arab Emirates,2025-04-21
2066,United States,2024-01-17
2067,United Arab Emirates,2024-11-06
2068,United Arab Emirates,2024-04-25
2069,United Arab Emirates,2025-07-07
2070,United Kingdom,2025-07-24
2071,United States,2023-01-05
2072,United States,2023-02-03
2073,United Arab Emirates,2025-03-02
2074,Germany,2023-05-25
2075,Germany,2023-12-17
2076,Germany,2024-08-05
2077,United Arab Emirates,2024-04-09
2078,United Kingdom,2023-12-14
2079,Japan,2025-01-11
2080,United States,2023-05-05
2081,United Arab Emirates,2025-02-28
2082,United Arab Emirates,2023-09-28
2083,United Kingdom,2023-12-23
2084,Japan,2024-06-10
2085,United States,2025-01-23
2086,United Kingdom,2024-05-12
2087,United Arab Emirates,2023-06-02
2088,United States,2023-02-22
2089,Germany,2023-05-29
2090,United Kingdom,2024-05-17
2091,United States,2025-05-19
2092,Japan,2024-03-25
2093,United Arab Emirates,2023-08-07
2094,United States,2024-09-16
2095,United Arab Emirates,2025-03-10
2096,United States,2023-10-04
2097,United States,2024-03-27
2098,United States,2024-03-03
2099,United States,2023-03-24
2100,United Kingdom,2025-08-19
2101,Japan,2023-08-06
2102,United States,2025-01-07
2103,United Arab Emirates,2025-02-20
2104,United States,2024-06-10
2105,United States,2024-02-08
2106,United Kingdom,2023-10-17
2107,Germany,2024-02-24
2108,Japan,2023-12-05
2109,United Arab Emirates,2025-02-15
2110,Japan,2024-12-11
2111,United Arab Emirates,2024-10-31
2112,United Arab Emirates,2025-04-24
2113,United Arab Emirates,2025-09-13
2114,Germany,2025-08-16
2115,United States,2024-02-23
2116,United Arab Emirates,2025-06-27
2117,United Kingdom,2023-07-26
2118,United States,2024-11-16
2119,United Arab Emirates,2024-11-26
2120,Germany,2023-09-22
2121,Germany,2025-09-09
2122,United States,2025-01-27
2123,Japan,2023-02-05
2124,United Kingdom,2024-01-08
2125,Japan,2024-05-02
2126,United States,2023-09-16
2127,United States,2025-09-20
2128,United Arab Emirates,2024-06-14
2129,Germany,2025-07-12
2130,United Kingdom,2023-01-23
2131,United Arab Emirates,2023-04-14
2132,United Arab Emirates,2023-08-29
2133,United States,2025-06-21
2134,United States,2025-05-22
2135,United States,2024-12-16
2136,Germany,2023-09-10
2137,United Arab Emirates,2023-05-22
2138,United States,2025-03-24
2139,United Arab Emirates,2024-10-16
2140,Germany,2024-03-26
2141,Germany,2025-02-21
2142,United States,2023-11-03
2143,United States,2025-09-10
2144,United Kingdom,2024-05-14
2145,United Kingdom,2024-09-13
2146,Germany,2023-01-08
2147,United Kingdom,2023-03-10
2148,United Kingdom,2024-12-02
2149,United Kingdom,2024-11-21
2150,Germany,2024-07-28
2151,United Kingdom,2023-03-09
2152,United Arab Emirates,2024-12-18
2153,United States,2025-06-30
2154,Germany,2025-09-06
2155,United Arab Emirates,2024-02-12
2156,United Arab Emirates,2024-06-01
2157,United Arab Emirates,2023-04-29
2158,United Kingdom,2025-04-04
2159,United Kingdom,2023-01-31
2160,United States,2024-06-01
2161,United States,2024-04-27
2162,United States,2023-07-26
2163,United Kingdom,2024-10-30
2164,Germany,2024-08-01
2165,United Kingdom,2025-08-28
2166,Japan,2024-01-22
2167,United States,2024-02-16
2168,United Arab Emirates,2025-04-21
2169,United States,2024-01-05
2170,United Kingdom,2023-12-19
2171,United States,2025-08-01
2172,United Arab Emirates,2023-12-02
2173,United Arab Emirates,2025-06-09
2174,Germany,2025-06-24
2175,United Arab Emirates,2023-10-16
2176,Germany,2025-09-22
2177,United Arab Emirates,2025-08-20
2178,United States,2025-08-22
2179,United States,2023-05-20
2180,United States,2025-08-10
2181,United Kingdom,2023-10-27
2182,United Arab Emirates,2023-01-13
2183,United Arab Emirates,2024-10-25
2184,United Kingdom,2024-03-03
2185,United States,2025-04-04
2186,Japan,2025-05-13
2187,Germany,2024-02-04
2188,United States,2025-09-18
2189,United States,2023-04-19
2190,United States,2024-04-29
2191,United Arab Emirates,2025-06-06
2192,Japan,2023-12-22
2193,United States,2023-05-29
2194,United States,2025-05-28
2195,United Arab Emirates,2024-12-16
2196,United Kingdom,2023-11-03
2197,United Kingdom,2024-06-16
2198,Germany,2023-03-01
2199,United States,2024-03-10
2200,United Kingdom,2023-01-21
2201,Japan,2025-05-24
2202,United Arab Emirates,2024-01-17
2203,United Kingdom,2023-09-02
2204,United Arab Emirates,2025-06-20
2205,United States,2023-03-14
2206,Japan,2024-03-24
2207,United Arab Emirates,2023-03-17
2208,Germany,2024-11-28
2209,United Arab Emirates,2024-08-12
2210,Japan,2024-01-25
2211,United States,2024-07-30
2212,Germany,2023-12-08
2213,United Arab Emirates,2023-10-17
2214,Japan,2024-07-21
2215,United States,2023-11-27
2216,United Kingdom,2023-09-16
2217,Germany,2024-03-01
2218,United Arab Emirates,2024-12-02
2219,Germany,2023-01-06
2220,United Arab Emirates,2023-01-06
2221,United States,2023-07-10
2222,United States,2023-05-28
2223,United Arab Emirates,2024-02-09
2224,United Arab Emirates,2023-09-15
2225,United Arab Emirates,2024-12-30
2226,United Kingdom,2024-04-23
2227,United Kingdom,2023-03-31
2228,United States,2025-04-03
2229,United Arab Emirates,2025-05-13
2230,United Arab Emirates,2023-01-10
2231,United States,2023-03-28
2232,United Arab Emirates,2025-01-31
2233,Japan,2025-04-17
2234,Germany,2023-05-31
2235,United States,2025-09-14
2236,United States,2024-09-16
2237,Germany,2023-01-30
2238,United Arab Emirates,2023-05-08
2239,United Arab Emirates,2023-03-19
2240,United Arab Emirates,2024-02-25
2241,United States,2023-02-24
2242,United Arab Emirates,2024-04-24
2243,United States,2023-11-01
2244,Japan,2024-06-29
2245,Germany,2023-04-15
2246,United States,2023-06-21
2247,United Arab Emirates,2024-05-13
2248,Germany,2023-01-22
2249,United States,2023-10-14
2250,United Arab Emirates,2024-01-26
2251,United Arab Emirates,2024-09-08
2252,Japan,2023-05-29
2253,United States,2023-09-29
2254,Germany,2025-02-26
2255,Germany,2023-10-26
2256,United States,2023-06-21
2257,United States,2023-02-16
2258,United Kingdom,2024-09-17
2259,United Kingdom,2025-02-25
2260,United Kingdom,2025-03-26
2261,United States,2025-09-18
2262,United States,2023-07-26
2263,Germany,2024-03-28
2264,United Kingdom,2024-01-30
2265,United States,2025-09-01
2266,United States,2025-07-13
2267,United States,2025-01-23
2268,United States,2023-10-28
2269,United Arab Emirates,2024-12-08
2270,United States,2024-11-06
2271,United Arab Emirates,2023-06-25
2272,United Kingdom,2025-05-04
2273,United Kingdom,2025-02-21
2274,United States,2023-04-20
2275,Japan,2024-11-14
2276,United States,2025-08-20
2277,United States,2025-05-13
2278,United States,2023-07-21
2279,United States,2023-06-17
2280,United Arab Emirates,2024-09-05
2281,United Arab Emirates,2023-03-27
2282,United Kingdom,2024-10-15
2283,United Kingdom,2025-08-16
2284,United Arab Emirates,2025-04-28
2285,United Arab Emirates,2024-12-25
2286,United Arab Emirates,2023-02-20
2287,Japan,2023-04-22
2288,United Kingdom,2024-04-07
2289,United Kingdom,2024-03-17
2290,United Arab Emirates,2023-09-28
2291,United States,2024-07-30
2292,United Arab Emirates,2023-12-10
2293,United Arab Emirates,2023-07-02
2294,United States,2024-05-17
2295,United Arab Emirates,2025-04-23
2296,United Arab Emirates,2023-01-10
2297,United Arab Emirates,2024-05-08
2298,United Arab Emirates,2023-08-22
2299,United Arab Emirates,2023-10-25
2300,United Kingdom,2023-09-01
2301,Germany,2024-05-23
2302,United States,2023-12-17
2303,United States,2023-09-24
2304,United Arab Emirates,2024-09-21
2305,Japan,2024-10-17
2306,United Kingdom,2025-06-11
2307,United Arab Emirates,2023-07-20
2308,United States,2023-08-27
2309,United Arab Emirates,2023-11-30
2310,United Kingdom,2025-07-03
2311,United States,2024-02-19
2312,Germany,2025-08-26
2313,United Kingdom,2024-04-28
2314,United States,2024-03-12
2315,Japan,2025-09-25
2316,United Arab Emirates,2023-09-03
2317,United Arab Emirates,2025-05-07
2318,United Kingdom,2023-01-08
2319,United Kingdom,2023-06-01
2320,United Kingdom,2024-01-27
2321,Japan,2023-07-30
2322,United States,2024-01-02
2323,United States,2025-08-01
2324,United Kingdom,2024-10-31
2325,Germany,2024-07-23
2326,Japan,2023-03-27
2327,Germany,2023-02-24
2328,United Arab Emirates,2024-12-13
2329,United States,2024-09-25
2330,United Arab Emirates,2024-03-21
2331,United Arab Emirates,2024-09-11
2332,United Arab Emirates,2023-10-31
2333,United States,2023-05-12
2334,United States,2024-02-25
2335,United Arab Emirates,2025-06-22
2336,United Kingdom,2024-01-20
2337,United Kingdom,2025-09-14
2338,United Kingdom,2023-07-17
2339,United Arab Emirates,2023-02-16
2340,United Kingdom,2025-01-09
2341,United States,2025-01-26
2342,United Arab Emirates,2023-07-22
2343,United Arab Emirates,2023-09-18
2344,United Kingdom,2024-11-20
2345,Japan,2023-01-24
2346,United States,2024-11-17
2347,United States,2025-02-24
2348,United Kingdom,2023-12-06
2349,United States,2024-02-16
2350,United Arab Emirates,2025-08-30
2351,United States,2023-09-18
2352,Japan,2023-10-13
2353,United States,2024-05-27
2354,Germany,2023-03-27
2355,United States,2025-04-29
2356,United Arab Emirates,2024-03-05
2357,Japan,2024-08-03
2358,United Arab Emirates,2023-01-31
2359,United States,2024-12-10
2360,United Arab Emirates,2024-08-25
2361,United Arab Emirates,2024-03-15
2362,United Kingdom,2025-09-11
2363,United Arab Emirates,2023-12-15
2364,United Kingdom,2025-06-13
2365,United States,2024-02-16
2366,United Arab Emirates,2024-06-11
2367,United Arab Emirates,2023-11-06
2368,United States,2025-08-06
2369,United Kingdom,2024-01-31
2370,United States,2025-02-26
2371,United States,2023-12-04
2372,Germany,2024-11-04
2373,United States,2024-03-12
2374,United Kingdom,2024-12-04
2375,United States,2024-10-24
2376,United Arab Emirates,2023-12-31
2377,United Kingdom,2025-07-11
2378,United States,2023-04-23
2379,United Kingdom,2025-02-23
2380,United States,2023-06-25
2381,Germany,2023-05-29
2382,Germany,2023-06-27
2383,Japan,2025-07-24
2384,United Kingdom,2024-01-17
2385,United Kingdom,2023-08-11
2386,United States,2023-09-16
2387,United Kingdom,2025-02-23
2388,United States,2023-07-08
2389,United States,2023-11-02
2390,United States,2024-01-13
2391,United Kingdom,2024-08-24
2392,United Arab Emirates,2023-12-09
2393,United Kingdom,2025-02-12
2394,United Arab Emirates,2023-06-05
2395,Germany,2024-12-12
2396,United Kingdom,2023-02-24
2397,United Arab Emirates,2025-02-04
2398,United Arab Emirates,2024-03-17
2399,United States,2024-11-15
2400,United States,2023-07-19
2401,United Kingdom,2024-02-07
2402,United Arab Emirates,2024-09-05
2403,United Kingdom,2025-03-07
2404,United Kingdom,2024-10-24
2405,United States,2024-09-14
2406,United States,2025-07-16
2407,United Kingdom,2025-02-16
2408,United Arab Emirates,2024-08-25
2409,Japan,2023-06-26
2410,United Kingdom,2024-03-24
2411,United States,2025-01-12
2412,United Arab Emirates,2024-06-24
2413,United Kingdom,2025-08-12
2414,United Arab Emirates,2023-10-28
2415,United States,2024-12-07
2416,Japan,2023-11-03
2417,United Kingdom,2025-01-20
2418,United Arab Emirates,2025-05-18
2419,United Arab Emirates,2025-09-17
2420,United Kingdom,2025-06-14
2421,United Arab Emirates,2023-09-24
2422,United Arab Emirates,2023-08-02
2423,United States,2024-08-16
2424,United Kingdom,2024-10-01
2425,United Arab Emirates,2024-04-27
2426,Japan,2023-09-19
2427,United Arab Emirates,2023-03-08
2428,Japan,2024-07-27
2429,United Kingdom,2023-05-13
2430,Germany,2024-10-10
2431,United States,2024-06-23
2432,Germany,2024-05-26
2433,Japan,2023-07-30
2434,United Arab Emirates,2025-09-14
2435,Japan,2025-09-13
2436,United Kingdom,2024-12-17
2437,United Kingdom,2023-09-10
2438,United Kingdom,2023-02-07
2439,United States,2023-02-12
2440,United Arab Emirates,2024-09-20
2441,United States,2024-02-09
2442,United States,2025-09-13
2443,United States,2024-12-02
2444,Germany,2023-02-15
2445,United Kingdom,2024-03-29
2446,United Kingdom,2024-11-08
2447,United Arab Emirates,2023-11-01
2448,United Arab Emirates,2024-12-15
2449,United Arab Emirates,2023-08-21
2450,United Kingdom,2023-09-02
2451,United Arab Emirates,2024-12-21
2452,Japan,2025-01-29
2453,United States,2023-10-22
2454,United Kingdom,2025-04-18
2455,United States,2024-01-18
2456,United Arab Emirates,2023-06-07
2457,United Kingdom,2024-02-09
2458,United States,2023-01-01
2459,United Kingdom,2023-08-05
2460,United Kingdom,2025-07-16
2461,Japan,2024-05-21
2462,Germany,2025-01-30
2463,United States,2025-06-22
2464,United States,2024-08-03
2465,United States,2023-01-30
2466,United Arab Emirates,2024-09-18
2467,United Kingdom,2024-06-03
2468,United Arab Emirates,2025-05-30
2469,United Kingdom,2023-10-02
2470,United States,2024-05-06
2471,United Arab Emirates,2025-04-06
2472,Japan,2025-08-08
2473,Japan,2025-07-14
2474,United States,2025-04-26
2475,United States,2023-02-05
2476,Germany,2023-11-07
2477,United Arab Emirates,2023-02-13
2478,United States,2023-06-04
2479,United Arab Emirates,2023-03-18
2480,United States,2024-08-12
2481,United Arab Emirates,2024-09-04
2482,Germany,2024-03-13
2483,Japan,2024-03-07
2484,United Arab Emirates,2024-06-25
2485,United Kingdom,2023-02-08
2486,Japan,2023-08-27
2487,United Kingdom,2023-01-13
2488,Germany,2023-05-02
2489,United States,2023-05-24
2490,United Kingdom,2024-11-14
2491,United Arab Emirates,2024-03-30
2492,United Arab Emirates,2024-01-03
2493,United States,2025-01-28
2494,United Kingdom,2023-09-04
2495,United States,2025-07-11
2496,United Kingdom,2023-02-14
2497,United States,2025-02-03
2498,Germany,2024-01-10
2499,Japan,2023-10-18
2500,United Kingdom,2023-07-26
2501,Germany,2025-07-12
2502,United States,2025-09-21
2503,United States,2024-06-02
2504,Japan,2025-08-15
2505,United Arab Emirates,2023-08-30
2506,United Arab Emirates,2024-09-13
2507,Germany,2023-04-24
2508,United Kingdom,2025-03-29
2509,Germany,2023-10-29
2510,Germany,2023-10-03
2511,United Arab Emirates,2023-04-06
2512,Germany,2023-10-21
2513,United Kingdom,2024-12-01
2514,United States,2023-12-26
2515,United States,2023-10-15
2516,Japan,2023-06-03
2517,United Arab Emirates,2024-07-23
2518,United Kingdom,2024-02-27
2519,United States,2025-07-04
2520,United States,2025-04-29
2521,United States,2023-02-19
2522,United Arab Emirates,2023-07-26
2523,United Arab Emirates,2024-07-17
2524,United Kingdom,2025-05-03
2525,Germany,2025-06-01
2526,United Arab Emirates,2024-10-23
2527,United Arab Emirates,2024-07-18
2528,Japan,2023-08-01
2529,United Arab Emirates,2023-03-07
2530,Japan,2023-08-20
2531,United States,2025-06-03
2532,Germany,2025-03-21
2533,United Arab Emirates,2025-04-29
2534,United Arab Emirates,2024-10-24
2535,United States,2024-12-17
2536,Germany,2023-11-16
2537,United States,2025-02-05
2538,United Arab Emirates,2023-05-17
2539,United States,2025-05-30
2540,United States,2024-10-08
2541,United States,2025-07-25
2542,United States,2024-07-19
2543,Germany,2023-03-06
2544,United States,2024-05-28
2545,United Arab Emirates,2023-05-12
2546,United Kingdom,2023-11-30
2547,United Arab Emirates,2023-02-01
2548,United Kingdom,2025-05-17
2549,United Kingdom,2025-06-16
2550,United Arab Emirates,2025-05-21
2551,United Kingdom,2024-05-12
2552,United Arab Emirates,2023-08-31
2553,Germany,2023-07-11
2554,Japan,2023-05-22
2555,United Arab Emirates,2024-10-21
2556,Japan,2024-08-23
2557,United States,2024-07-14
2558,United Arab Emirates,2024-10-09
2559,United Arab Emirates,2025-09-14
2560,United States,2023-07-10
2561,United States,2025-07-30
2562,United States,2023-05-29
2563,United Arab Emirates,2024-08-21
2564,United Arab Emirates,2024-02-20
2565,United Kingdom,2024-06-03
2566,United Arab Emirates,2025-01-04
2567,United Arab Emirates,2025-05-18
2568,United Arab Emirates,2023-01-16
2569,Germany,2025-03-18
2570,Japan,2023-04-16
2571,United Kingdom,2023-10-10
2572,Japan,2023-04-14
2573,United Kingdom,2023-12-27
2574,United Kingdom,2024-10-19
2575,United Arab Emirates,2023-02-04
2576,United States,2023-04-23
2577,Japan,2023-11-04
2578,United States,2025-06-29
2579,United Kingdom,2025-08-16
2580,United States,2023-02-22
2581,United Arab Emirates,2025-05-08
2582,Germany,2023-03-22
2583,United States,2024-09-07
2584,United Kingdom,2025-04-13
2585,United States,2024-01-04
2586,United States,2023-08-30
2587,United Arab Emirates,2023-01-31
2588,United States,2025-04-08
2589,United Arab Emirates,2024-12-04
2590,United States,2025-05-18
2591,Germany,2023-12-27
2592,Germany,2023-08-21
2593,United States,2024-09-01
2594,United States,2023-02-03
2595,United Arab Emirates,2023-08-31
2596,United States,2025-08-08
2597,United Arab Emirates,2023-02-28
2598,United Kingdom,2025-02-09
2599,United Arab Emirates,2024-06-12
2600,United Arab Emirates,2023-03-19
2601,United States,2024-12-18
2602,United Arab Emirates,2023-10-29
2603,United States,2024-11-08
2604,United Kingdom,2025-03-13
2605,United Arab Emirates,2025-06-15
2606,United States,2023-04-22
2607,United Arab Emirates,2024-02-17
2608,United Arab Emirates,2025-06-18
2609,United States,2023-11-13
2610,United Arab Emirates,2025-05-14
2611,Germany,2023-05-25
2612,United Arab Emirates,2024-10-29
2613,United Arab Emirates,2024-11-20
2614,United States,2025-05-07
2615,United Kingdom,2024-10-09
2616,United Arab Emirates,2025-07-18
2617,United Kingdom,2025-04-06
2618,United Arab Emirates,2023-01-18
2619,Germany,2023-12-17
2620,United Kingdom,2025-08-12
2621,United States,2023-06-04
2622,Germany,2025-02-22
2623,United Kingdom,2024-05-20
2624,Japan,2025-02-16
2625,United Kingdom,2023-12-26
2626,Japan,2023-11-28
2627,United Arab Emirates,2025-07-06
2628,United States,2024-06-11
2629,United Kingdom,2023-01-12
2630,United Kingdom,2023-03-16
2631,United States,2023-07-31
2632,United States,2024-11-21
2633,United Arab Emirates,2024-10-02
2634,United Arab Emirates,2023-10-10
2635,United States,2023-07-14
2636,United States,2025-02-18
2637,Japan,2023-01-30
2638,United States,2023-01-09
2639,Japan,2023-11-05
2640,United States,2024-03-20
2641,United Arab Emirates,2023-11-06
2642,United Arab Emirates,2024-11-07
2643,United States,2024-12-05
2644,United States,2024-03-01
2645,United Arab Emirates,2025-03-27
2646,United Kingdom,2025-02-10
2647,Japan,2024-12-04
2648,United States,2024-08-13
2649,United Kingdom,2024-11-21
2650,United Kingdom,2023-04-01
2651,United Arab Emirates,2024-03-31
2652,United Kingdom,2024-03-19
2653,United Kingdom,2024-12-27
2654,United Arab Emirates,2023-03-20
2655,United States,2024-04-19
2656,United Kingdom,2025-07-15
2657,Germany,2023-04-13
2658,Germany,2024-09-14
2659,United Arab Emirates,2024-03-31
2660,United States,2025-09-16
2661,United Kingdom,2023-11-10
2662,Germany,2023-09-04
2663,United Arab Emirates,2023-08-22
2664,United States,2024-08-16
2665,United States,2024-10-05
2666,United Arab Emirates,2023-08-23
2667,United Arab Emirates,2025-02-28
2668,United States,2024-01-22
2669,United States,2025-04-26
2670,United Kingdom,2024-09-02
2671,United States,2025-07-31
2672,United Kingdom,2023-02-07
2673,United States,2023-06-10
2674,United Arab Emirates,2024-04-06
2675,Germany,2025-08-01
2676,United Arab Emirates,2024-03-24
2677,United Kingdom,2023-04-27
2678,United Arab Emirates,2023-08-29
2679,United Arab Emirates,2023-01-26
2680,United States,2024-10-09
2681,United Arab Emirates,2024-07-15
2682,Germany,2025-09-02
2683,United Arab Emirates,2025-03-16
2684,United Kingdom,2025-06-24
2685,United Kingdom,2023-10-25
2686,United Arab Emirates,2025-03-15
2687,United Arab Emirates,2023-06-03
2688,United Kingdom,2025-01-01
2689,United Kingdom,2024-10-13
2690,United Kingdom,2024-04-12
2691,United States,2023-02-18
2692,United States,2024-10-15
2693,United Arab Emirates,2023-02-15
2694,United Kingdom,2024-11-05
2695,Japan,2023-10-12
2696,United States,2025-02-18
2697,United States,2024-09-19
2698,United Kingdom,2023-03-23
2699,United States,2023-02-13
2700,United States,2024-12-06
2701,United States,2025-02-08
2702,Japan,2025-08-12
2703,United Arab Emirates,2023-09-30
2704,United Arab Emirates,2024-01-29
2705,United States,2025-02-24
2706,Germany,2025-02-28
2707,United Arab Emirates,2024-08-17
2708,United Arab Emirates,2023-02-27
2709,United Arab Emirates,2024-07-18
2710,United Arab Emirates,2023-01-01
2711,United States,2023-08-04
2712,United States,2023-11-13
2713,United Kingdom,2023-08-16
2714,United Kingdom,2024-04-17
2715,United Arab Emirates,2024-04-28
2716,United Arab Emirates,2025-02-04
2717,United States,2024-11-01
2718,Japan,2023-10-14
2719,Germany,2024-05-25
2720,United Arab Emirates,2024-07-31
2721,Germany,2025-07-03
2722,United States,2025-03-31
2723,United States,2025-08-29
2724,United Kingdom,2024-04-02
2725,United Kingdom,2023-04-05
2726,United Kingdom,2024-05-07
2727,United Arab Emirates,2025-02-03
2728,United Arab Emirates,2023-05-30
2729,United Arab Emirates,2023-01-23
2730,United Kingdom,2025-01-25
2731,United States,2023-08-03
2732,United Kingdom,2024-02-03
2733,United Arab Emirates,2024-02-14
2734,Japan,2023-05-11
2735,Japan,2025-05-04
2736,United States,2023-05-28
2737,Japan,2024-01-16
2738,United States,2023-04-19
2739,Japan,2024-07-05
2740,United Arab Emirates,2023-05-01
2741,United Kingdom,2023-10-22
2742,United Arab Emirates,2023-04-30
2743,United Arab Emirates,2024-03-31
2744,United Arab Emirates,2024-06-13
2745,United States,2023-06-18
2746,United States,2024-12-10
2747,United States,2025-07-11
2748,United Arab Emirates,2025-09-22
2749,Germany,2023-05-23
2750,United States,2023-02-06
2751,United Kingdom,2024-11-28
2752,United States,2023-09-18
2753,United Arab Emirates,2023-08-19
2754,United Kingdom,2023-09-11
2755,Japan,2023-11-25
2756,United Arab Emirates,2025-06-21
2757,United Kingdom,2023-10-24
2758,Germany,2025-09-06
2759,United States,2023-01-10
2760,United Arab Emirates,2024-03-21
2761,United Arab Emirates,2025-07-10
2762,United Arab Emirates,2025-04-15
2763,United States,2023-08-18
2764,United Kingdom,2024-06-19
2765,United Arab Emirates,2023-03-19
2766,Japan,2024-02-29
2767,United States,2023-07-12
2768,United Arab Emirates,2024-02-05
2769,United States,2023-04-19
2770,United States,2025-03-02
2771,United Arab Emirates,2025-07-11
2772,United Arab Emirates,2023-09-20
2773,Germany,2023-11-25
2774,United Kingdom,2023-12-29
2775,United States,2025-05-16
2776,United Kingdom,2024-01-13
2777,United Arab Emirates,2025-02-18
2778,United Arab Emirates,2023-12-07
2779,United Kingdom,2023-09-16
2780,United Arab Emirates,2023-12-01
2781,United Arab Emirates,2023-03-26
2782,Germany,2024-06-05
2783,Japan,2025-03-11
2784,United States,2025-03-24
2785,Germany,2024-07-24
2786,United Arab Emirates,2023-11-04
2787,Japan,2023-09-19
2788,United Arab Emirates,2025-06-16
2789,Japan,2025-03-07
2790,Japan,2024-09-22
2791,United States,2024-11-10
2792,Japan,2025-05-14
2793,United States,2024-12-01
2794,United Arab Emirates,2024-03-27
2795,United Kingdom,2023-09-08
2796,United States,2023-11-20
2797,United Arab Emirates,2025-07-13
2798,United States,2023-08-17
2799,Japan,2024-12-02
2800,United Arab Emirates,2025-04-07
2801,United States,2024-09-27
2802,Japan,2024-08-18
2803,Japan,2023-10-24
2804,Japan,2024-12-27
2805,United States,2023-08-25
2806,Japan,2025-09-04
2807,United States,2024-09-16
2808,United Arab Emirates,2023-08-05
2809,United Kingdom,2025-04-12
2810,United States,2023-09-03
2811,United Arab Emirates,2024-03-23
2812,United States,2025-04-26
2813,United States,2023-11-15
2814,United Arab Emirates,2025-09-20
2815,United States,2024-03-07
2816,United States,2024-02-08
2817,United Kingdom,2025-06-04
2818,United Arab Emirates,2023-02-06
2819,United Arab Emirates,2024-07-29
2820,United Kingdom,2024-12-31
2821,Japan,2023-12-08
2822,United Arab Emirates,2024-01-24
2823,United States,2023-02-03
2824,United Arab Emirates,2023-02-08
2825,United Kingdom,2024-08-01
2826,Germany,2023-07-28
2827,United States,2025-04-09
2828,United Arab Emirates,2025-05-05
2829,United Kingdom,2023-06-01
2830,United Arab Emirates,2025-06-17
2831,United Kingdom,2023-12-31
2832,United States,2023-07-18
2833,United Arab Emirates,2024-08-23
2834,United Arab Emirates,2025-01-29
2835,United Kingdom,2025-04-14
2836,Japan,2023-03-20
2837,Japan,2024-04-21
2838,United Arab Emirates,2024-03-09
2839,United States,2025-03-07
2840,United Kingdom,2025-04-21
2841,United Kingdom,2023-02-01
2842,United States,2023-03-28
2843,Japan,2024-07-04
2844,Japan,2024-01-28
2845,United States,2024-09-04
2846,United Kingdom,2023-09-01
2847,United States,2023-08-20
2848,United Arab Emirates,2025-06-28
2849,United States,2024-08-02
2850,United Kingdom,2023-07-11
2851,United States,2025-07-04
2852,United Arab Emirates,2024-06-23
2853,United Arab Emirates,2023-09-27
2854,Japan,2025-07-28
2855,United Arab Emirates,2025-01-07
2856,United States,2023-03-18
2857,United Arab Emirates,2025-01-04
2858,United Arab Emirates,2025-09-19
2859,United Arab Emirates,2025-06-02
2860,United Arab Emirates,2023-06-16
2861,Germany,2023-10-11
2862,United Arab Emirates,2024-12-04
2863,Japan,2023-03-30
2864,United States,2024-06-27
2865,United Kingdom,2024-10-10
2866,United States,2023-06-05
2867,United States,2023-09-07
2868,United States,2023-04-05
2869,United Arab Emirates,2023-01-17
2870,United Kingdom,2023-04-27
2871,Germany,2025-09-09
2872,Japan,2023-11-29
2873,Germany,2025-04-02
2874,United Kingdom,2024-06-05
2875,United States,2023-03-21
2876,United Kingdom,2024-10-07
2877,United Kingdom,2024-03-07
2878,United Arab Emirates,2023-07-22
2879,United States,2023-04-26
2880,United Arab Emirates,2025-08-20
2881,United Kingdom,2023-08-08
2882,Germany,2023-09-10
2883,United Arab Emirates,2023-06-18
2884,United Arab Emirates,2025-04-26
2885,United Arab Emirates,2023-11-12
2886,Japan,2024-12-17
2887,United States,2025-03-20
2888,United Kingdom,2024-01-07
2889,Germany,2025-01-29
2890,Germany,2025-05-26
2891,United Kingdom,2025-09-03
2892,United States,2024-08-05
2893,United States,2023-06-05
2894,United States,2024-09-05
2895,United Arab Emirates,2023-01-13
2896,Germany,2024-05-22
2897,United States,2024-04-09
2898,United Arab Emirates,2025-02-21
2899,United Kingdom,2025-03-14
2900,United Arab Emirates,2023-08-08
2901,United Arab Emirates,2023-01-15
2902,United States,2025-01-19
2903,United Arab Emirates,2023-04-27
2904,United Kingdom,2023-11-27
2905,United States,2023-02-25
2906,United Arab Emirates,2023-12-17
2907,Japan,2023-05-12
2908,United Arab Emirates,2025-09-21
2909,United Kingdom,2023-08-14
2910,United Kingdom,2023-11-04
2911,United Arab Emirates,2024-04-19
2912,United Arab Emirates,2025-06-24
2913,United States,2023-08-10
2914,Japan,2023-06-22
2915,United Arab Emirates,2023-12-06
2916,United States,2025-03-07
2917,United States,2024-05-20
2918,Germany,2025-03-31
2919,United Kingdom,2023-06-06
2920,United Kingdom,2023-05-31
2921,United Kingdom,2024-11-27
2922,United States,2023-06-27
2923,Germany,2024-06-16
2924,United Arab Emirates,2023-04-22
2925,United Kingdom,2024-11-13
2926,Japan,2023-05-18
2927,Germany,2023-08-21
2928,Japan,2023-11-28
2929,United States,2024-06-25
2930,United Kingdom,2025-06-11
2931,United States,2023-11-03
2932,United States,2023-06-10
2933,United Arab Emirates,2024-02-06
2934,United States,2024-08-12
2935,United States,2023-10-05
2936,United Arab Emirates,2023-11-16
2937,United States,2024-06-16
2938,United States,2025-06-15
2939,Japan,2024-05-11
2940,United Arab Emirates,2023-12-29
2941,United Arab Emirates,2024-01-07
2942,United States,2025-06-10
2943,United Arab Emirates,2024-10-16
2944,United States,2023-02-05
2945,United States,2023-10-30
2946,United Arab Emirates,2024-03-13
2947,United States,2024-12-26
2948,United States,2023-02-01
2949,United Kingdom,2023-07-05
2950,Japan,2023-06-23
2951,Germany,2024-07-19
2952,United States,2024-11-03
2953,United States,2023-09-07
2954,United Kingdom,2025-02-01
2955,Japan,2025-07-23
2956,United States,2023-10-06
2957,United States,2024-11-13
2958,Germany,2024-11-25
2959,United Arab Emirates,2023-01-02
2960,Germany,2023-07-13
2961,United Arab Emirates,2023-06-15
2962,United Kingdom,2025-01-28
2963,United Kingdom,2025-07-13
2964,Japan,2025-01-25
2965,Germany,2023-04-20
2966,United States,2024-01-15
2967,United States,2025-04-14
2968,United States,2025-09-25
2969,Japan,2024-08-05
2970,United Kingdom,2024-11-06
2971,United Kingdom,2023-10-12
2972,United Arab Emirates,2025-06-05
2973,United States,2024-02-25
2974,United States,2023-04-23
2975,United Kingdom,2023-08-16
2976,United Arab Emirates,2024-04-15
2977,Germany,2025-03-23
2978,United Arab Emirates,2024-06-11
2979,United States,2024-05-10
2980,Japan,2023-01-31
2981,United Kingdom,2023-06-11
2982,United Arab Emirates,2025-03-28
2983,United States,2024-12-05
2984,Germany,2024-12-22
2985,United States,2024-01-13
2986,Japan,2024-03-21
2987,United Arab Emirates,2025-01-13
2988,United States,2024-03-02
2989,United States,2024-11-26
2990,Germany,2024-05-18
2991,United Arab Emirates,2024-06-10
2992,Germany,2025-08-01
2993,United States,2025-03-27
2994,United Kingdom,2024-12-21
2995,United Arab Emirates,2024-11-14
2996,Germany,2025-02-16
2997,United Arab Emirates,2024-06-15
2998,United Kingdom,2024-08-04
2999,United Arab Emirates,2024-06-03
3000,Germany,2025-07-29
3001,United States,2023-02-03
3002,United States,2025-01-05
3003,United Arab Emirates,2024-11-21
3004,United States,2025-01-27
3005,United States,2024-05-04
3006,Germany,2025-02-10
3007,Japan,2024-09-11
3008,United Arab Emirates,2025-01-23
3009,United States,2024-02-27
3010,United Arab Emirates,2024-04-12
3011,United States,2023-01-24
3012,United Arab Emirates,2023-08-04
3013,United Kingdom,2023-02-24
3014,United Kingdom,2023-01-26
3015,United States,2023-10-08
3016,United Kingdom,2025-03-14
3017,United States,2023-11-23
3018,United Kingdom,2025-08-27
3019,United Arab Emirates,2023-07-05
3020,United States,2024-05-09
3021,United Arab Emirates,2023-01-12
3022,United Kingdom,2024-10-02
3023,United States,2025-06-02
3024,United Kingdom,2024-03-09
3025,United Arab Emirates,2025-07-09
3026,United Kingdom,2023-07-27
3027,Japan,2023-05-13
3028,United States,2023-12-05
3029,United States,2023-07-15
3030,United States,2023-09-19
3031,United Arab Emirates,2023-10-09
3032,United Kingdom,2024-01-04
3033,United States,2023-04-13
3034,United Arab Emirates,2024-09-23
3035,United Arab Emirates,2023-07-02
3036,United Arab Emirates,2024-02-27
3037,United Kingdom,2023-01-09
3038,Japan,2024-07-10
3039,United Arab Emirates,2023-09-01
3040,United States,2025-02-20
3041,United Arab Emirates,2024-09-15
3042,Japan,2024-07-20
3043,United Arab Emirates,2024-01-28
3044,United Kingdom,2024-06-10
3045,United States,2023-02-06
3046,United States,2023-06-27
3047,United Kingdom,2024-09-30
3048,United Kingdom,2024-09-20
3049,United Kingdom,2025-05-01
3050,United Arab Emirates,2023-03-13
3051,United Arab Emirates,2023-12-18
3052,United Kingdom,2024-09-14
3053,United Arab Emirates,2023-05-29
3054,United Arab Emirates,2024-11-27
3055,United States,2023-04-15
3056,Japan,2024-10-20
3057,United States,2023-08-09
3058,United Arab Emirates,2025-04-05
3059,United Arab Emirates,2025-05-12
3060,Japan,2024-01-09
3061,United Arab Emirates,2024-06-01
3062,United Arab Emirates,2023-09-17
3063,United States,2023-10-26
3064,United States,2025-05-10
3065,United States,2023-02-11
3066,United Arab Emirates,2025-02-09
3067,United Arab Emirates,2025-06-15
3068,Japan,2024-05-06
3069,United Arab Emirates,2024-03-14
3070,United States,2025-02-21
3071,United States,2023-02-16
3072,United States,2023-03-26
3073,United Kingdom,2024-11-16
3074,United Arab Emirates,2023-02-27
3075,United States,2025-09-17
3076,Germany,2024-12-11
3077,Japan,2023-07-28
3078,United Arab Emirates,2023-09-05
3079,United Arab Emirates,2023-07-30
3080,Japan,2023-02-08
3081,United States,2023-09-09
3082,Germany,2024-10-04
3083,United Arab Emirates,2025-07-14
3084,United States,2025-03-13
3085,United States,2025-01-31
3086,United States,2025-08-10
3087,United Kingdom,2024-02-17
3088,United Arab Emirates,2025-08-03
3089,United States,2024-03-21
3090,United Arab Emirates,2023-02-21
3091,United Kingdom,2024-01-09
3092,Japan,2024-06-09
3093,United Kingdom,2025-07-19
3094,Germany,2023-06-05
3095,United Arab Emirates,2025-08-11
3096,United States,2024-06-25
3097,Japan,2023-03-31
3098,United Arab Emirates,2025-06-21
3099,United Arab Emirates,2024-11-09
3100,United Kingdom,2023-12-17
3101,United Arab Emirates,2023-03-10
3102,United States,2023-06-12
3103,Japan,2023-08-30
3104,United Kingdom,2024-05-09
3105,United Arab Emirates,2024-01-18
3106,United Kingdom,2023-02-21
3107,United States,2024-10-15
3108,United Arab Emirates,2023-03-04
3109,United States,2024-05-23
3110,United States,2023-10-19
3111,United States,2023-04-01
3112,United Arab Emirates,2024-10-25
3113,United States,2024-02-28
3114,United Arab Emirates,2024-10-30
3115,United Arab Emirates,2025-03-31
3116,Germany,2023-12-31
3117,United States,2023-05-30
3118,United Arab Emirates,2025-04-19
3119,United Arab Emirates,2023-09-28
3120,United Arab Emirates,2025-05-30
3121,United Arab Emirates,2024-08-03
3122,United Arab Emirates,2023-04-26
3123,United Arab Emirates,2024-12-04
3124,United Kingdom,2024-05-30
3125,United States,2024-08-09
3126,United States,2025-07-02
3127,United States,2025-03-20
3128,United Arab Emirates,2023-08-29
3129,Japan,2023-01-30
3130,Germany,2023-05-23
3131,Germany,2023-11-22
3132,Germany,2024-11-25
3133,Japan,2025-08-06
3134,United States,2023-01-16
3135,United Arab Emirates,2023-04-21
3136,United States,2025-05-21
3137,United States,2024-12-13
3138,United States,2023-04-17
3139,United States,2024-01-14
3140,United Arab Emirates,2023-06-11
3141,United Kingdom,2023-10-10
3142,Japan,2023-09-26
3143,United States,2024-04-28
3144,United States,2024-10-28
3145,United Arab Emirates,2023-03-14
3146,United Kingdom,2023-07-16
3147,Germany,2023-08-31
3148,United States,2024-08-20
3149,United States,2025-03-09
3150,United Kingdom,2023-09-16
3151,United States,2025-03-08
3152,United Arab Emirates,2023-05-29
3153,United States,2025-05-16
3154,United Kingdom,2024-01-25
3155,United Kingdom,2025-09-14
3156,United States,2024-02-20
3157,Japan,2024-03-01
3158,United Arab Emirates,2025-09-23
3159,Germany,2024-12-02
3160,United Arab Emirates,2023-08-05
3161,United Kingdom,2025-07-16
3162,United Arab Emirates,2025-05-16
3163,United Kingdom,2023-03-27
3164,United States,2023-08-04
3165,United Arab Emirates,2024-02-27
3166,United Kingdom,2023-11-16
3167,Japan,2023-04-28
3168,United Arab Emirates,2025-07-14
3169,United States,2025-08-16
3170,United Kingdom,2025-05-31
3171,United States,2025-09-18
3172,United Arab Emirates,2024-02-19
3173,United Arab Emirates,2024-08-21
3174,United Arab Emirates,2023-02-09
3175,United Arab Emirates,2023-06-10
3176,United Arab Emirates,2024-12-03
3177,United States,2024-06-20
3178,Germany,2024-02-24
3179,Germany,2024-10-25
3180,United States,2023-04-05
3181,United Arab Emirates,2024-03-17
3182,United Arab Emirates,2025-07-23
3183,United Kingdom,2024-07-11
3184,United Arab Emirates,2025-08-30
3185,United States,2024-10-11
3186,United States,2025-09-09
3187,United Kingdom,2024-04-10
3188,United Kingdom,2023-10-15
3189,Germany,2025-05-14
3190,United States,2024-11-06
3191,United Kingdom,2024-02-16
3192,Japan,2024-02-04
3193,Japan,2024-06-11
3194,United Kingdom,2023-01-18
3195,United Kingdom,2023-05-16
3196,United States,2024-04-08
3197,Japan,2025-01-28
3198,Germany,2023-09-05
3199,United Arab Emirates,2025-04-22
3200,United Kingdom,2024-12-10
3201,United States,2023-01-01
3202,United States,2024-12-02
3203,United Arab Emirates,2024-01-16
3204,Germany,2024-05-23
3205,United States,2024-04-04
3206,Germany,2024-05-19
3207,Germany,2025-03-16
3208,United States,2024-04-20
3209,United Kingdom,2024-07-10
3210,United States,2025-08-11
3211,United Arab Emirates,2025-04-28
3212,United States,2025-06-15
3213,United Arab Emirates,2023-02-01
3214,United States,2025-06-22
3215,United Arab Emirates,2023-04-28
3216,United Arab Emirates,2025-03-18
3217,United Arab Emirates,2023-07-03
3218,United Arab Emirates,2023-07-10
3219,United States,2025-01-16
3220,United States,2025-01-19
3221,United States,2024-12-28
3222,United Arab Emirates,2023-03-15
3223,United Arab Emirates,2024-09-14
3224,United Arab Emirates,2023-04-13
3225,United Arab Emirates,2025-05-20
3226,Germany,2024-08-08
3227,United Arab Emirates,2024-02-24
3228,United Kingdom,2024-04-17
3229,United Arab Emirates,2025-02-02
3230,United Arab Emirates,2023-04-24
3231,United States,2024-01-14
3232,United States,2023-11-09
3233,United Arab Emirates,2023-11-26
3234,United Arab Emirates,2023-12-05
3235,United Kingdom,2023-08-26
3236,United Arab Emirates,2023-06-22
3237,United Arab Emirates,2023-03-20
3238,Japan,2024-04-08
3239,United States,2025-06-16
3240,United States,2024-08-27
3241,United Kingdom,2025-08-21
3242,United Kingdom,2024-05-15
3243,United States,2024-07-15
3244,United States,2023-10-12
3245,United States,2023-08-11
3246,United Arab Emirates,2024-08-15
3247,United States,2023-09-23
3248,United Kingdom,2024-10-28
3249,Germany,2024-01-08
3250,United States,2023-08-21
3251,United States,2025-06-29
3252,United Arab Emirates,2025-04-07
3253,United States,2023-08-24
3254,United Arab Emirates,2024-11-01
3255,United Kingdom,2025-07-05
3256,United Arab Emirates,2025-04-07
3257,United States,2025-02-01
3258,United Arab Emirates,2023-11-10
3259,United Kingdom,2025-07-25
3260,Germany,2025-07-30
3261,United Arab Emirates,2025-03-23
3262,United States,2024-01-15
3263,United Kingdom,2025-03-04
3264,United Arab Emirates,2024-09-05
3265,United States,2024-07-16
3266,United Arab Emirates,2024-02-24
3267,United Kingdom,2023-02-21
3268,United States,2024-12-21
3269,United States,2025-03-29
3270,United States,2024-10-04
3271,United Arab Emirates,2024-05-23
3272,United Arab Emirates,2025-02-20
3273,United States,2025-08-02
3274,United States,2023-07-24
3275,Germany,2024-12-31
3276,Germany,2023-09-14
3277,Germany,2023-07-04
3278,United Kingdom,2023-05-25
3279,United Kingdom,2024-11-20
3280,United States,2025-09-20
3281,United Kingdom,2023-01-14
3282,United Arab Emirates,2023-09-03
3283,Germany,2023-07-06
3284,Germany,2023-12-03
3285,United Kingdom,2023-09-16
3286,United Arab Emirates,2025-05-15
3287,United Kingdom,2023-02-09
3288,Germany,2024-08-23
3289,Japan,2024-09-28
3290,United Arab Emirates,2025-08-19
3291,United Arab Emirates,2024-02-22
3292,Germany,2025-09-12
3293,United Kingdom,2023-12-17
3294,United States,2023-01-09
3295,Japan,2023-12-16
3296,United Arab Emirates,2023-03-25
3297,United States,2024-06-16
3298,United Arab Emirates,2025-09-15
3299,United Kingdom,2025-03-03
3300,Germany,2023-12-24
3301,United Kingdom,2024-01-13
3302,Japan,2023-06-21
3303,United States,2023-01-25
3304,United Kingdom,2024-01-28
3305,United Arab Emirates,2023-04-13
3306,United Kingdom,2024-12-02
3307,United Kingdom,2023-08-24
3308,United Arab Emirates,2024-02-14
3309,United Kingdom,2025-04-04
3310,United Kingdom,2024-07-02
3311,United States,2025-02-22
3312,United States,2025-03-15
3313,United States,2023-11-28
3314,United Arab Emirates,2024-10-25
3315,United Arab Emirates,2025-03-04
3316,United States,2024-06-15
3317,United Kingdom,2024-10-10
3318,United Arab Emirates,2025-09-09
3319,Germany,2025-05-20
3320,United States,2023-01-29
3321,United States,2024-06-26
3322,United Arab Emirates,2023-01-19
3323,United States,2023-05-28
3324,United States,2024-04-15
3325,United States,2024-05-05
3326,United States,2023-10-10
3327,Germany,2025-05-11
3328,United States,2025-05-02
3329,United Arab Emirates,2025-03-22
3330,United States,2024-11-05
3331,United States,2023-04-23
3332,United States,2024-03-30
3333,United Arab Emirates,2024-10-23
3334,United Arab Emirates,2023-11-26
3335,Germany,2023-09-12
3336,United States,2024-08-21
3337,Japan,2024-02-03
3338,United States,2025-05-11
3339,United States,2024-09-01
3340,United States,2025-06-27
3341,Germany,2024-05-22
3342,United States,2024-10-05
3343,United States,2024-04-10
3344,United Arab Emirates,2025-04-03
3345,United Kingdom,2024-02-11
3346,United States,2024-08-31
3347,United Arab Emirates,2023-04-08
3348,United Arab Emirates,2023-10-17
3349,United Kingdom,2025-05-17
3350,United Arab Emirates,2025-01-08
3351,United Arab Emirates,2024-10-18
3352,United Kingdom,2023-06-05
3353,Japan,2025-02-20
3354,United States,2023-06-11
3355,United Arab Emirates,2024-09-15
3356,United Arab Emirates,2025-04-22
3357,United States,2024-11-27
3358,United Kingdom,2024-12-17
3359,Germany,2023-04-07
3360,United States,2024-01-12
3361,United States,2024-07-20
3362,United Arab Emirates,2024-03-25
3363,United States,2025-09-20
3364,United Arab Emirates,2023-04-27
3365,Japan,2024-08-27
3366,United States,2025-03-15
3367,United Kingdom,2025-08-21
3368,United Arab Emirates,2024-12-16
3369,United Arab Emirates,2025-03-04
3370,United States,2024-05-20
3371,United Arab Emirates,2023-07-08
3372,United States,2024-04-20
3373,United Arab Emirates,2023-11-19
3374,United States,2024-08-18
3375,Germany,2025-08-27
3376,United States,2023-06-29
3377,United States,2025-02-24
3378,United Arab Emirates,2023-06-30
3379,United Arab Emirates,2025-08-16
3380,United States,2024-11-23
3381,United Kingdom,2025-03-05
3382,United Kingdom,2023-10-14
3383,United Arab Emirates,2024-04-19
3384,United Arab Emirates,2024-09-09
3385,United Arab Emirates,2024-10-02
3386,Germany,2023-09-19
3387,United Arab Emirates,2024-06-06
3388,United States,2023-06-11
3389,United Arab Emirates,2024-05-01
3390,United States,2025-09-06
3391,United Kingdom,2025-08-16
3392,Germany,2023-06-30
3393,Germany,2024-12-25
3394,United Kingdom,2024-04-13
3395,Japan,2025-02-24
3396,Japan,2023-01-21
3397,Germany,2023-10-02
3398,Germany,2023-09-17
3399,United Arab Emirates,2023-11-29
3400,United States,2024-04-10
3401,United Arab Emirates,2023-04-26
3402,United Arab Emirates,2024-02-17
3403,Japan,2024-06-20
3404,United Kingdom,2025-08-09
3405,United States,2025-04-24
3406,Germany,2025-02-04
3407,Germany,2025-08-16
3408,Japan,2025-07-11
3409,United Arab Emirates,2025-08-13
3410,United Arab Emirates,2024-12-23
3411,United Kingdom,2025-03-27
3412,United Arab Emirates,2025-04-12
3413,United Arab Emirates,2025-07-22
3414,United Kingdom,2025-04-30
3415,United States,2025-08-05
3416,United States,2023-09-14
3417,United Kingdom,2023-06-17
3418,United States,2025-04-28
3419,United Arab Emirates,2024-06-16
3420,United Arab Emirates,2024-08-20
3421,United States,2023-01-15
3422,United States,2023-02-19
3423,United States,2025-09-25
3424,United Arab Emirates,2023-10-31
3425,Germany,2024-05-01
3426,United States,2024-02-20
3427,United States,2023-11-01
3428,United States,2023-07-15
3429,Germany,2025-05-25
3430,United States,2025-03-23
3431,United States,2025-03-10
3432,Japan,2024-01-23
3433,United States,2025-01-26
3434,United Kingdom,2025-08-18
3435,United States,2025-05-14
3436,United Kingdom,2024-03-30
3437,United Arab Emirates,2024-12-13
3438,United States,2024-12-05
3439,Japan,2025-04-27
3440,Japan,2024-10-19
3441,United Kingdom,2023-11-06
3442,United States,2023-05-07
3443,United Arab Emirates,2023-06-24
3444,Japan,2023-05-14
3445,Japan,2023-03-07
3446,United States,2024-01-28
3447,Germany,2025-08-21
3448,United States,2023-12-31
3449,United States,2023-10-06
3450,United Arab Emirates,2025-01-27
3451,United Kingdom,2023-12-29
3452,United States,2025-01-18
3453,United States,2023-06-20
3454,United Kingdom,2023-02-20
3455,Japan,2023-11-24
3456,United Arab Emirates,2025-05-20
3457,United States,2024-10-26
3458,United States,2024-08-14
3459,United States,2025-07-19
3460,United States,2023-05-25
3461,United Arab Emirates,2023-10-01
3462,United Arab Emirates,2023-06-04
3463,United States,2025-06-29
3464,United States,2024-05-22
3465,United Arab Emirates,2025-04-28
3466,United States,2023-12-29
3467,United Kingdom,2023-11-21
3468,United States,2025-04-27
3469,Germany,2024-10-16
3470,United Arab Emirates,2023-10-25
3471,United Arab Emirates,2024-05-08
3472,United States,2024-06-29
3473,United States,2023-10-31
3474,United States,2024-04-11
3475,Germany,2025-06-22
3476,Germany,2023-08-27
3477,Japan,2024-10-11
3478,United States,2025-02-04
3479,United Kingdom,2024-05-31
3480,United Kingdom,2025-06-02
3481,United Arab Emirates,2023-06-25
3482,United States,2025-06-03
3483,United Arab Emirates,2024-02-14
3484,Japan,2024-12-26
3485,United States,2023-12-30
3486,United States,2023-01-23
3487,United Kingdom,2023-11-14
3488,United Arab Emirates,2024-06-08
3489,United Arab Emirates,2025-06-23
3490,United Kingdom,2025-01-22
3491,United Arab Emirates,2023-10-03
3492,United States,2024-08-26
3493,Germany,2024-09-11
3494,Germany,2025-08-10
3495,United States,2023-08-17
3496,United Arab Emirates,2024-10-25
3497,Germany,2023-04-18
3498,Germany,2025-03-11
3499,United Arab Emirates,2025-07-04
3500,United States,2025-08-13
3501,United Arab Emirates,2023-06-25
3502,Germany,2023-11-16
3503,Japan,2023-10-13
3504,United Arab Emirates,2025-05-25
3505,Germany,2023-11-25
3506,United States,2025-05-26
3507,Japan,2025-01-22
3508,United Kingdom,2024-10-18
3509,Germany,2023-12-22
3510,United Arab Emirates,2023-01-14
3511,United Kingdom,2023-10-02
3512,United Arab Emirates,2023-03-12
3513,Japan,2025-04-06
3514,Germany,2023-07-14
3515,Germany,2025-05-14
3516,Japan,2025-03-22
3517,United Arab Emirates,2025-07-16
3518,United Kingdom,2025-05-28
3519,United Arab Emirates,2024-06-06
3520,United Arab Emirates,2023-04-16
3521,United Arab Emirates,2025-02-08
3522,United Kingdom,2025-09-12
3523,United Arab Emirates,2025-06-11
3524,United Arab Emirates,2023-07-15
3525,United Arab Emirates,2023-05-25
3526,United Arab Emirates,2025-09-03
3527,Japan,2025-01-01
3528,United States,2023-12-16
3529,Japan,2024-02-28
3530,United Kingdom,2024-04-15
3531,United Arab Emirates,2024-11-16
3532,United States,2023-08-04
3533,United Kingdom,2023-04-03
3534,United Arab Emirates,2023-09-17
3535,United Arab Emirates,2025-07-22
3536,United Arab Emirates,2024-07-28
3537,United Arab Emirates,2024-06-24
3538,United Kingdom,2025-02-25
3539,United States,2025-05-08
3540,United Arab Emirates,2023-10-12
3541,United Arab Emirates,2024-04-28
3542,Germany,2025-07-19
3543,United Arab Emirates,2024-01-07
3544,United Kingdom,2023-03-11
3545,Germany,2024-01-14
3546,United Arab Emirates,2023-10-06
3547,United Arab Emirates,2025-01-12
3548,United Kingdom,2023-10-29
3549,United Kingdom,2023-09-12
3550,United States,2024-11-14
3551,Germany,2025-08-01
3552,United Arab Emirates,2024-11-22
3553,United States,2023-09-21
3554,United States,2024-11-25
3555,United Arab Emirates,2025-04-13
3556,United States,2024-12-17
3557,United Arab Emirates,2024-02-28
3558,United Kingdom,2025-01-30
3559,United Arab Emirates,2023-08-01
3560,United Kingdom,2024-11-01
3561,United Kingdom,2025-08-01
3562,Germany,2023-04-10
3563,United Arab Emirates,2025-04-08
3564,United Kingdom,2023-04-22
3565,United Kingdom,2023-11-04
3566,United States,2024-11-08
3567,United States,2024-04-19
3568,United States,2024-07-01
3569,United States,2023-04-22
3570,Germany,2023-03-28
3571,United Kingdom,2023-07-02
3572,United States,2024-08-19
3573,Germany,2025-02-19
3574,Japan,2023-06-14
3575,Germany,2025-03-25
3576,United Kingdom,2023-03-31
3577,United Arab Emirates,2025-09-26
3578,United Kingdom,2024-03-30
3579,United States,2023-08-26
3580,United Kingdom,2025-09-25
3581,United Kingdom,2024-06-17
3582,Germany,2024-11-09
3583,United Kingdom,2024-12-27
3584,Germany,2023-02-27
3585,United Kingdom,2024-06-25
3586,United Kingdom,2025-07-02
3587,United Kingdom,2024-09-09
3588,United States,2024-02-06
3589,United Arab Emirates,2025-04-21
3590,United Arab Emirates,2024-11-09
3591,Japan,2025-05-11
3592,United Arab Emirates,2024-10-27
3593,United States,2025-04-18
3594,United States,2024-06-02
3595,United Kingdom,2023-07-16
3596,United States,2025-04-12
3597,United Arab Emirates,2023-02-15
3598,United States,2024-06-13
3599,United Kingdom,2024-02-01
3600,United States,2024-10-26
3601,United Arab Emirates,2025-09-26
3602,United States,2025-02-14
3603,United Arab Emirates,2023-03-15
3604,United Arab Emirates,2024-02-20
3605,United Arab Emirates,2024-10-18
3606,United Arab Emirates,2024-09-05
3607,Germany,2023-12-01
3608,United Arab Emirates,2025-04-26
3609,Japan,2024-09-24
3610,Japan,2024-11-18
3611,United States,2024-07-28
3612,United Arab Emirates,2023-10-23
3613,United Kingdom,2023-03-25
3614,United States,2023-01-15
3615,United Kingdom,2025-05-16
3616,United Arab Emirates,2023-05-14
3617,United States,2024-04-22
3618,Germany,2024-09-24
3619,United States,2023-11-15
3620,United Arab Emirates,2024-01-27
3621,United States,2024-04-23
3622,United Arab Emirates,2024-10-01
3623,United Arab Emirates,2024-01-03
3624,Germany,2024-01-02
3625,United Arab Emirates,2023-10-15
3626,United Arab Emirates,2025-03-23
3627,United Arab Emirates,2024-01-13
3628,Germany,2024-11-22
3629,United States,2024-04-07
3630,United States,2024-08-16
3631,United States,2023-01-13
3632,United Arab Emirates,2024-06-19
3633,United Kingdom,2023-06-17
3634,United Kingdom,2023-09-27
3635,United Arab Emirates,2025-09-14
3636,United Kingdom,2025-08-28
3637,Japan,2023-03-11
3638,United Arab Emirates,2023-11-14
3639,United Arab Emirates,2024-01-11
3640,United Arab Emirates,2023-03-30
3641,United Arab Emirates,2024-12-01
3642,Japan,2023-09-14
3643,United Kingdom,2023-08-05
3644,United Kingdom,2024-03-25
3645,United States,2025-06-12
3646,United Arab Emirates,2024-06-27
3647,United Kingdom,2023-05-21
3648,United Kingdom,2023-06-10
3649,United States,2023-02-01
3650,Japan,2025-04-03
3651,United States,2023-06-01
3652,United Kingdom,2025-05-08
3653,Germany,2023-09-17
3654,United Arab Emirates,2024-12-28
3655,United Arab Emirates,2023-10-06
3656,United Arab Emirates,2023-10-12
3657,United Kingdom,2024-09-01
3658,United States,2025-07-05
3659,United States,2024-06-25
3660,Japan,2024-08-24
3661,United States,2023-05-28
3662,United States,2024-10-17
3663,United Arab Emirates,2023-03-08
3664,United Arab Emirates,2025-08-02
3665,United States,2025-05-18
3666,United Kingdom,2024-07-23
3667,Germany,2025-09-26
3668,United Arab Emirates,2025-07-28
3669,United Arab Emirates,2025-03-03
3670,United Kingdom,2023-10-06
3671,United Arab Emirates,2025-01-17
3672,United Arab Emirates,2024-03-18
3673,United States,2025-06-15
3674,United Arab Emirates,2025-05-14
3675,United States,2024-02-03
3676,United Arab Emirates,2023-05-08
3677,United Arab Emirates,2023-12-03
3678,United Kingdom,2024-04-26
3679,Germany,2024-12-21
3680,United Kingdom,2025-08-05
3681,United States,2023-07-05
3682,United Arab Emirates,2023-06-18
3683,United States,2024-11-14
3684,United Arab Emirates,2023-09-17
3685,United States,2024-12-17
3686,United States,2025-08-21
3687,Japan,2024-10-08
3688,United Kingdom,2024-07-11
3689,United Arab Emirates,2024-05-21
3690,United Arab Emirates,2024-06-04
3691,Germany,2024-04-15
3692,United States,2023-06-10
3693,United States,2023-10-16
3694,United Arab Emirates,2023-12-06
3695,United Kingdom,2025-06-18
3696,United Arab Emirates,2025-04-12
3697,Japan,2024-05-16
3698,United States,2023-04-16
3699,Japan,2025-03-12
3700,United Arab Emirates,2024-04-19
3701,United States,2025-05-02
3702,United States,2024-08-22
3703,United Kingdom,2024-04-07
3704,Germany,2024-04-27
3705,Japan,2024-12-04
3706,Germany,2023-06-02
3707,United States,2025-04-02
3708,United Arab Emirates,2024-10-10
3709,United Arab Emirates,2025-02-23
3710,Japan,2023-05-29
3711,United Arab Emirates,2023-07-07
3712,United States,2024-10-14
3713,United States,2023-05-11
3714,United States,2024-03-27
3715,Japan,2024-05-30
3716,United Kingdom,2024-05-05
3717,United Kingdom,2024-04-20
3718,United Arab Emirates,2023-09-20
3719,United Kingdom,2024-06-21
3720,United Arab Emirates,2024-04-03
3721,United Kingdom,2024-06-19
3722,Germany,2025-02-16
3723,Japan,2025-01-10
3724,United Arab Emirates,2025-02-19
3725,United Kingdom,2024-09-28
3726,Japan,2024-11-14
3727,United Arab Emirates,2025-01-15
3728,United Arab Emirates,2023-10-22
3729,United Arab Emirates,2025-07-03
3730,United States,2024-03-10
3731,United Arab Emirates,2023-10-02
3732,Japan,2024-08-10
3733,United Kingdom,2023-11-04
3734,United States,2024-12-26
3735,United Arab Emirates,2025-07-31
3736,United Kingdom,2025-09-23
3737,United States,2024-01-11
3738,United States,2023-06-07
3739,United States,2025-03-24
3740,United States,2023-07-23
3741,Japan,2025-09-15
3742,Germany,2024-10-22
3743,United States,2023-03-16
3744,United Arab Emirates,2024-01-15
3745,United Arab Emirates,2025-01-10
3746,United Arab Emirates,2023-10-31
3747,United States,2023-03-03
3748,United Kingdom,2024-07-23
3749,United Kingdom,2025-02-24
3750,Germany,2023-04-18
3751,Germany,2023-07-06
3752,Japan,2025-09-13
3753,United Kingdom,2023-08-17
3754,United States,2023-02-17
3755,United Arab Emirates,2025-04-10
3756,United Arab Emirates,2023-09-25
3757,United Arab Emirates,2024-12-27
3758,United Kingdom,2025-03-12
3759,United Kingdom,2023-09-11
3760,Germany,2025-08-14
3761,United Arab Emirates,2025-05-19
3762,United States,2023-03-28
3763,United States,2023-06-30
3764,United Arab Emirates,2023-01-25
3765,United Kingdom,2025-08-15
3766,United Arab Emirates,2024-01-23
3767,United States,2023-08-10
3768,United Kingdom,2025-09-16
3769,United Arab Emirates,2024-02-01
3770,United Arab Emirates,2025-07-26
3771,United States,2024-05-25
3772,Japan,2024-07-14
3773,United Kingdom,2025-04-25
3774,United States,2024-03-15
3775,United States,2023-06-24
3776,Japan,2025-06-22
3777,Germany,2023-11-07
3778,United States,2025-09-10
3779,United States,2023-10-01
3780,Germany,2023-02-04
3781,United Kingdom,2023-08-05
3782,United Kingdom,2024-12-21
3783,United Arab Emirates,2024-11-02
3784,Germany,2024-02-12
3785,Germany,2024-06-02
3786,United Arab Emirates,2023-09-26
3787,United States,2024-09-29
3788,United Kingdom,2024-04-19
3789,United Arab Emirates,2025-05-29
3790,Japan,2023-11-21
3791,United Arab Emirates,2023-12-22
3792,United Arab Emirates,2023-03-31
3793,United States,2023-02-11
3794,United States,2023-12-31
3795,United Arab Emirates,2024-11-01
3796,United States,2023-07-21
3797,United States,2024-01-01
3798,United Arab Emirates,2025-03-04
3799,United Arab Emirates,2025-09-08
3800,United States,2025-04-23
3801,United Arab Emirates,2023-10-15
3802,Japan,2024-08-25
3803,Germany,2024-04-25
3804,Japan,2024-09-28
3805,United Arab Emirates,2024-05-15
3806,Japan,2024-09-29
3807,United Kingdom,2023-02-21
3808,United Kingdom,2025-07-04
3809,United Arab Emirates,2023-04-13
3810,United Arab Emirates,2023-12-27
3811,United States,2024-02-28
3812,United Kingdom,2024-11-29
3813,United Arab Emirates,2023-07-24
3814,United States,2023-01-14
3815,United Arab Emirates,2025-07-28
3816,United States,2024-09-07
3817,United Kingdom,2024-09-20
3818,Germany,2024-04-14
3819,Germany,2024-04-10
3820,United Kingdom,2023-10-31
3821,United Kingdom,2024-08-27
3822,United Kingdom,2024-03-02
3823,Germany,2024-10-17
3824,United Kingdom,2023-04-20
3825,United Arab Emirates,2024-11-05
3826,United Arab Emirates,2024-07-18
3827,United Kingdom,2025-07-18
3828,United Kingdom,2024-05-29
3829,Germany,2023-03-09
3830,United Arab Emirates,2023-09-03
3831,United Kingdom,2024-01-24
3832,Germany,2024-10-11
3833,Germany,2023-11-04
3834,United Kingdom,2025-07-13
3835,United Kingdom,2023-12-18
3836,United Kingdom,2025-03-09
3837,Japan,2023-03-07
3838,United Arab Emirates,2024-04-04
3839,Japan,2023-12-13
3840,United States,2023-11-21
3841,United States,2025-07-21
3842,United Arab Emirates,2024-10-28
3843,United Kingdom,2024-08-21
3844,United Kingdom,2023-02-02
3845,United Arab Emirates,2023-03-09
3846,United States,2023-07-06
3847,Japan,2023-07-11
3848,United States,2023-08-01
3849,United States,2024-08-22
3850,United Arab Emirates,2024-03-03
3851,United Kingdom,2023-12-17
3852,United Arab Emirates,2023-04-18
3853,United States,2023-08-28
3854,Japan,2023-08-04
3855,United States,2023-06-26
3856,United Arab Emirates,2024-07-18
3857,United Kingdom,2023-11-26
3858,United States,2024-07-14
3859,United Kingdom,2025-05-30
3860,Germany,2024-09-17
3861,Germany,2024-03-25
3862,United States,2024-08-29
3863,United Kingdom,2024-03-22
3864,United Arab Emirates,2024-06-20
3865,United Arab Emirates,2024-10-05
3866,United Kingdom,2023-06-28
3867,United Kingdom,2024-01-30
3868,United States,2023-05-25
3869,United States,2025-05-25
3870,United Arab Emirates,2025-08-19
3871,United Kingdom,2023-07-17
3872,United Arab Emirates,2025-08-26
3873,United Arab Emirates,2025-04-16
3874,Germany,2023-03-25
3875,United Arab Emirates,2024-10-30
3876,United Kingdom,2023-03-26
3877,United Arab Emirates,2024-04-01
3878,Germany,2024-04-20
3879,United States,2023-09-10
3880,United Arab Emirates,2025-06-05
3881,United States,2023-03-13
3882,United States,2023-08-11
3883,Japan,2023-10-03
3884,United Arab Emirates,2025-03-05
3885,Germany,2025-02-14
3886,Japan,2023-09-03
3887,Japan,2023-12-07
3888,United States,2024-07-26
3889,United States,2025-07-12
3890,United Kingdom,2024-04-15
3891,United States,2024-03-29
3892,United States,2025-02-09
3893,United States,2025-08-22
3894,United Kingdom,2025-08-26
3895,United States,2023-01-07
3896,Germany,2023-07-07
3897,United Arab Emirates,2023-01-04
3898,Germany,2025-01-12
3899,United States,2024-10-06
3900,Germany,2025-06-25
3901,United Kingdom,2023-05-05
3902,United Kingdom,2023-01-15
3903,Japan,2025-08-17
3904,United Arab Emirates,2025-09-20
3905,Germany,2024-06-08
3906,United Kingdom,2024-09-21
3907,United States,2023-08-28
3908,United Kingdom,2025-02-13
3909,United States,2023-12-26
3910,United Kingdom,2024-06-01
3911,United Arab Emirates,2025-08-09
3912,United Arab Emirates,2023-11-16
3913,United Arab Emirates,2023-08-19
3914,Japan,2025-08-03
3915,Japan,2023-01-30
3916,United Kingdom,2024-06-17
3917,United States,2025-07-09
3918,United Kingdom,2023-06-05
3919,United States,2024-09-21
3920,Germany,2025-05-01
3921,Japan,2025-07-23
3922,United Kingdom,2025-08-20
3923,United States,2025-06-19
3924,United Arab Emirates,2024-12-05
3925,Japan,2024-02-03
3926,United Arab Emirates,2023-12-12
3927,United States,2023-07-14
3928,United States,2023-06-17
3929,United States,2024-01-12
3930,United Arab Emirates,2024-05-03
3931,Japan,2025-01-20
3932,United Arab Emirates,2023-12-28
3933,United States,2024-04-26
3934,United Arab Emirates,2023-09-01
3935,United Kingdom,2024-08-03
3936,United States,2024-08-29
3937,United Kingdom,2024-08-11
3938,United Arab Emirates,2023-06-20
3939,United Arab Emirates,2024-05-27
3940,United Kingdom,2024-02-10
3941,United States,2024-07-27
3942,Germany,2023-07-26
3943,United Arab Emirates,2023-06-03
3944,United Kingdom,2025-02-24
3945,United Arab Emirates,2023-02-17
3946,United Arab Emirates,2024-10-10
3947,United States,2023-01-01
3948,United States,2025-01-16
3949,United Arab Emirates,2025-06-23
3950,United Arab Emirates,2025-02-06
3951,United Arab Emirates,2024-02-11
3952,Germany,2023-04-17
3953,Japan,2023-06-22
3954,United Arab Emirates,2024-05-20
3955,United Arab Emirates,2023-05-10
3956,Germany,2024-02-02
3957,Japan,2023-10-21
3958,United Kingdom,2024-07-05
3959,United Arab Emirates,2024-03-22
3960,United Arab Emirates,2025-04-29
3961,United States,2023-01-16
3962,United Kingdom,2024-09-30
3963,United Arab Emirates,2025-06-03
3964,United States,2023-12-15
3965,United Arab Emirates,2023-07-22
3966,United States,2023-05-14
3967,United Kingdom,2025-02-09
3968,United Arab Emirates,2024-06-09
3969,United States,2024-05-22
3970,United Kingdom,2023-03-07
3971,Japan,2024-04-24
3972,United States,2025-05-12
3973,United Arab Emirates,2024-04-03
3974,United States,2023-12-08
3975,United Arab Emirates,2024-12-07
3976,Japan,2024-09-17
3977,United Kingdom,2023-06-08
3978,United States,2023-06-10
3979,United Arab Emirates,2023-09-11
3980,United Kingdom,2025-09-10
3981,Germany,2025-06-15
3982,Germany,2025-07-28
3983,United Arab Emirates,2024-06-10
3984,United Arab Emirates,2024-07-02
3985,Germany,2023-06-04
3986,Japan,2024-04-30
3987,United Arab Emirates,2024-03-07
3988,United Kingdom,2023-01-27
3989,United Kingdom,2023-01-12
3990,Germany,2023-03-08
3991,United Arab Emirates,2024-06-25
3992,United Arab Emirates,2023-04-06
3993,United States,2023-08-03
3994,United Arab Emirates,2023-07-13
3995,United Kingdom,2024-10-08
3996,United Kingdom,2023-10-17
3997,United Kingdom,2024-06-27
3998,United Kingdom,2025-06-03
3999,United States,2023-02-08
4000,United Arab Emirates,2025-05-13
4001,United States,2025-07-27
4002,Germany,2025-07-27
4003,United States,2023-07-25
4004,United Arab Emirates,2025-06-17
4005,United Arab Emirates,2025-07-30
4006,United Arab Emirates,2025-07-16
4007,United Kingdom,2024-07-08
4008,United Kingdom,2024-04-28
4009,United States,2023-12-03
4010,United Arab Emirates,2024-05-10
4011,United Arab Emirates,2025-02-09
4012,United Kingdom,2023-09-06
4013,United States,2023-03-15
4014,United Arab Emirates,2024-01-08
4015,United States,2025-04-10
4016,United Arab Emirates,2025-05-28
4017,Germany,2025-03-18
4018,Germany,2025-02-24
4019,United Arab Emirates,2025-04-14
4020,United Arab Emirates,2025-05-20
4021,United Kingdom,2024-12-02
4022,United Arab Emirates,2023-05-18
4023,United States,2025-08-05
4024,Germany,2024-04-01
4025,United States,2025-03-24
4026,Germany,2025-04-02
4027,United Kingdom,2025-07-30
4028,United Arab Emirates,2025-04-22
4029,United States,2024-03-19
4030,United Kingdom,2023-12-19
4031,United States,2025-09-22
4032,United Arab Emirates,2025-03-04
4033,United Arab Emirates,2024-02-15
4034,Japan,2024-11-08
4035,United Arab Emirates,2025-02-28
4036,Japan,2024-06-21
4037,Japan,2025-09-08
4038,United States,2024-03-28
4039,United States,2024-02-23
4040,United States,2024-03-25
4041,Germany,2025-09-21
4042,United Arab Emirates,2024-08-07
4043,United Kingdom,2023-04-25
4044,United States,2023-02-20
4045,United Kingdom,2024-01-04
4046,United Kingdom,2025-07-02
4047,United Kingdom,2024-11-13
4048,United States,2025-02-18
4049,Germany,2024-05-29
4050,United Arab Emirates,2023-07-29
4051,Japan,2025-06-06
4052,United States,2025-09-24
4053,Germany,2025-06-21
4054,United States,2025-09-19
4055,United States,2025-06-20
4056,United Arab Emirates,2025-04-29
4057,Germany,2025-03-23
4058,United Arab Emirates,2025-06-13
4059,Germany,2025-05-03
4060,Japan,2024-09-18
4061,United Arab Emirates,2024-11-09
4062,United Arab Emirates,2024-03-10
4063,United States,2025-02-15
4064,United Arab Emirates,2023-08-15
4065,Germany,2024-10-24
4066,United Arab Emirates,2023-09-25
4067,United Arab Emirates,2023-04-26
4068,Japan,2024-08-22
4069,United States,2025-04-09
4070,Germany,2025-01-23
4071,United Kingdom,2023-12-26
4072,United States,2023-11-25
4073,United States,2025-04-24
4074,United States,2023-02-09
4075,United States,2023-07-01
4076,United States,2024-05-04
4077,United Kingdom,2023-07-28
4078,United Arab Emirates,2025-06-21
4079,United States,2023-09-30
4080,United Arab Emirates,2023-04-29
4081,United States,2024-01-17
4082,United Arab Emirates,2025-08-03
4083,United States,2024-06-19
4084,United States,2023-09-15
4085,United Arab Emirates,2024-04-27
4086,United Arab Emirates,2024-05-23
4087,United Arab Emirates,2023-04-02
4088,United States,2025-09-05
4089,Germany,2023-06-10
4090,United Arab Emirates,2023-05-29
4091,United States,2023-04-27
4092,United Kingdom,2024-04-02
4093,United Kingdom,2024-07-18
4094,Japan,2025-03-24
4095,United Kingdom,2023-02-14
4096,United Kingdom,2025-02-15
4097,United Arab Emirates,2025-09-24
4098,United Arab Emirates,2025-02-12
4099,United Arab Emirates,2025-03-29
4100,United Arab Emirates,2023-08-22
4101,United States,2024-01-10
4102,United Kingdom,2024-06-30
4103,United States,2025-04-29
4104,United Arab Emirates,2025-08-06
4105,United Arab Emirates,2025-07-03
4106,United States,2023-07-16
4107,Japan,2023-01-25
4108,United Arab Emirates,2024-01-30
4109,Germany,2024-12-14
4110,United States,2025-02-23
4111,United States,2023-02-05
4112,United States,2024-04-18
4113,United Arab Emirates,2023-08-11
4114,United Arab Emirates,2025-05-13
4115,United States,2025-02-27
4116,United Kingdom,2024-06-13
4117,Japan,2023-07-07
4118,United Kingdom,2024-02-06
4119,United Arab Emirates,2023-09-14
4120,United States,2024-10-15
4121,United Arab Emirates,2023-05-16
4122,United States,2025-08-19
4123,United States,2025-03-29
4124,Japan,2024-08-13
4125,United States,2024-03-19
4126,United States,2024-02-22
4127,United States,2023-10-19
4128,Japan,2024-07-27
4129,United Arab Emirates,2023-05-09
4130,United Arab Emirates,2023-12-07
4131,United Arab Emirates,2025-03-20
4132,United Arab Emirates,2023-09-14
4133,United States,2025-09-18
4134,United States,2024-12-24
4135,United States,2024-07-19
4136,United Arab Emirates,2024-11-17
4137,United States,2023-04-10
4138,United Kingdom,2023-02-08
4139,United States,2025-07-14
4140,United States,2023-09-20
4141,United Kingdom,2023-05-30
4142,United Arab Emirates,2024-09-24
4143,United Arab Emirates,2024-11-20
4144,Germany,2025-03-23
4145,Japan,2023-11-26
4146,United States,2023-04-30
4147,United Arab Emirates,2024-08-06
4148,United Kingdom,2023-08-07
4149,United States,2025-06-24
4150,United States,2025-06-28
4151,United Arab Emirates,2025-03-24
4152,United Arab Emirates,2023-05-03
4153,United States,2023-09-01
4154,United Kingdom,2025-06-04
4155,United Arab Emirates,2024-08-09
4156,United Arab Emirates,2024-06-01
4157,United States,2023-01-21
4158,Germany,2023-07-09
4159,Japan,2023-08-13
4160,United States,2025-07-03
4161,United States,2024-09-06
4162,United Arab Emirates,2025-05-05
4163,United States,2024-04-10
4164,United Kingdom,2023-04-09
4165,United States,2025-04-09
4166,United Kingdom,2023-12-29
4167,United Arab Emirates,2025-09-23
4168,United Arab Emirates,2023-03-24
4169,United Kingdom,2024-11-23
4170,United Arab Emirates,2024-10-25
4171,United Arab Emirates,2023-02-25
4172,Japan,2024-12-02
4173,United Kingdom,2025-07-18
4174,United States,2023-01-22
4175,Germany,2024-08-02
4176,Japan,2023-07-04
4177,United States,2024-06-05
4178,Germany,2024-07-31
4179,United Kingdom,2023-09-21
4180,United Kingdom,2023-08-13
4181,United Kingdom,2024-09-26
4182,United States,2023-02-07
4183,United States,2023-05-03
4184,United Kingdom,2025-04-09
4185,United Arab Emirates,2023-06-05
4186,United States,2025-06-24
4187,United Arab Emirates,2023-10-28
4188,United States,2025-04-12
4189,United States,2025-09-20
4190,United States,2023-03-08
4191,United States,2025-06-23
4192,Germany,2024-10-06
4193,United Kingdom,2025-05-23
4194,United States,2024-01-29
4195,United States,2024-10-13
4196,United Arab Emirates,2024-08-16
4197,United Arab Emirates,2024-07-23
4198,United Arab Emirates,2024-10-22
4199,United Kingdom,2024-02-09
4200,United States,2024-03-24
4201,Germany,2023-05-11
4202,United Arab Emirates,2023-03-10
4203,United Arab Emirates,2023-12-11
4204,Japan,2025-01-31
4205,United Arab Emirates,2023-11-16
4206,United Kingdom,2023-06-26
4207,United States,2024-08-06
4208,United States,2024-06-12
4209,United Arab Emirates,2025-04-20
4210,United Arab Emirates,2023-06-09
4211,United Arab Emirates,2024-08-04
4212,United States,2024-09-16
4213,United States,2025-01-13
4214,United Arab Emirates,2024-06-16
4215,United States,2023-05-15
4216,Germany,2025-02-13
4217,United Arab Emirates,2023-04-21
4218,United Kingdom,2025-09-25
4219,United States,2025-01-27
4220,United Arab Emirates,2023-10-10
4221,United Kingdom,2024-06-03
4222,United States,2025-08-26
4223,Germany,2025-03-06
4224,Germany,2024-12-19
4225,United States,2023-07-13
4226,United States,2025-08-24
4227,United Kingdom,2023-02-16
4228,United States,2025-09-04
4229,United Kingdom,2023-12-08
4230,United Arab Emirates,2023-08-30
4231,United States,2024-06-05
4232,United States,2024-01-05
4233,United Kingdom,2025-03-11
4234,Japan,2025-06-21
4235,United Arab Emirates,2023-05-11
4236,United Kingdom,2023-09-27
4237,United Arab Emirates,2025-07-28
4238,United States,2025-03-24
4239,United States,2023-03-02
4240,United Kingdom,2023-06-13
4241,United States,2024-06-08
4242,United Kingdom,2023-09-29
4243,United States,2024-12-20
4244,United Kingdom,2025-01-27
4245,United Kingdom,2023-05-13
4246,Japan,2023-09-01
4247,United Arab Emirates,2025-09-11
4248,United Arab Emirates,2025-03-16
4249,United States,2025-09-24
4250,Japan,2024-03-09
4251,United Kingdom,2023-02-07
4252,United Arab Emirates,2025-05-20
4253,United Kingdom,2024-07-21
4254,United States,2023-11-15
4255,United Arab Emirates,2024-05-24
4256,United States,2024-01-11
4257,Japan,2024-07-13
4258,United Kingdom,2024-09-08
4259,United Kingdom,2024-04-18
4260,United Kingdom,2023-02-28
4261,United Arab Emirates,2024-08-11
4262,Germany,2025-07-28
4263,United Kingdom,2024-05-13
4264,United Kingdom,2023-08-06
4265,United States,2025-06-13
4266,United Kingdom,2024-07-20
4267,United States,2024-07-20
4268,United Arab Emirates,2023-05-09
4269,Germany,2025-06-22
4270,Japan,2024-01-18
4271,United States,2024-01-23
4272,Japan,2023-03-26
4273,United Arab Emirates,2024-05-24
4274,United Kingdom,2024-12-26
4275,United States,2024-09-18
4276,United States,2024-03-12
4277,United Kingdom,2025-04-05
4278,United Kingdom,2023-10-20
4279,United Arab Emirates,2023-02-18
4280,United Kingdom,2023-03-08
4281,United Arab Emirates,2025-02-25
4282,United States,2023-05-09
4283,United Arab Emirates,2023-01-29
4284,United Arab Emirates,2023-12-09
4285,United States,2024-06-28
4286,United States,2023-04-29
4287,Germany,2024-11-22
4288,United States,2025-07-25
4289,United Kingdom,2024-10-24
4290,Germany,2023-05-13
4291,United States,2023-11-23
4292,United Arab Emirates,2023-07-04
4293,United States,2024-05-20
4294,Japan,2024-10-07
4295,United Kingdom,2024-11-19
4296,United Arab Emirates,2024-06-17
4297,United Arab Emirates,2023-08-29
4298,United Arab Emirates,2024-08-11
4299,United Kingdom,2024-12-16
4300,United States,2024-05-30
4301,United Arab Emirates,2025-04-19
4302,Japan,2025-08-17
4303,United States,2023-06-14
4304,United States,2025-07-15
4305,Germany,2025-07-21
4306,United Arab Emirates,2024-10-01
4307,United Kingdom,2024-07-10
4308,United States,2023-08-06
4309,Germany,2025-01-16
4310,United States,2024-10-09
4311,United Arab Emirates,2024-11-10
4312,Japan,2025-09-19
4313,United Arab Emirates,2025-01-18
4314,Germany,2024-08-27
4315,Japan,2023-01-05
4316,United Arab Emirates,2024-10-29
4317,United States,2025-01-26
4318,United Arab Emirates,2025-05-21
4319,United Kingdom,2023-03-22
4320,United States,2023-09-04
4321,United States,2025-05-04
4322,Japan,2024-05-07
4323,United States,2024-10-10
4324,United Kingdom,2024-01-21
4325,Germany,2024-07-28
4326,Japan,2025-09-18
4327,United Arab Emirates,2023-11-03
4328,Japan,2024-09-19
4329,United Arab Emirates,2024-09-16
4330,Germany,2024-06-26
4331,United Arab Emirates,2023-01-07
4332,United Arab Emirates,2025-07-14
4333,United Kingdom,2025-08-11
4334,United States,2024-05-29
4335,United Kingdom,2025-03-29
4336,United Arab Emirates,2025-01-24
4337,United States,2024-07-21
4338,Japan,2023-03-14
4339,United Kingdom,2023-01-10
4340,United Arab Emirates,2024-07-26
4341,United Kingdom,2024-07-15
4342,United Arab Emirates,2023-05-02
4343,Germany,2024-11-17
4344,Germany,2025-09-12
4345,United States,2024-05-27
4346,United Kingdom,2025-09-16
4347,United States,2024-03-16
4348,United States,2023-02-07
4349,Germany,2024-12-02
4350,United States,2024-08-13
4351,United States,2023-12-11
4352,United States,2025-08-23
4353,United Kingdom,2023-12-04
4354,Japan,2025-08-18
4355,United States,2024-12-02
4356,United States,2023-07-03
4357,United Arab Emirates,2023-03-08
4358,United States,2023-01-17
4359,United States,2024-01-18
4360,United Arab Emirates,2024-01-03
4361,United Arab Emirates,2025-06-22
4362,United States,2023-11-12
4363,United States,2024-05-11
4364,United States,2025-03-18
4365,United Arab Emirates,2024-12-21
4366,United States,2023-12-11
4367,United Arab Emirates,2025-08-15
4368,United Kingdom,2024-07-06
4369,United Arab Emirates,2025-06-26
4370,United Arab Emirates,2025-09-15
4371,United Arab Emirates,2024-04-17
4372,United Kingdom,2023-04-25
4373,United Arab Emirates,2023-04-10
4374,United Kingdom,2025-06-03
4375,United States,2024-03-13
4376,United Kingdom,2023-12-11
4377,United Kingdom,2023-12-15
4378,Germany,2023-05-19
4379,United Arab Emirates,2025-04-07
4380,United States,2023-11-20
4381,United Arab Emirates,2025-04-25
4382,United Arab Emirates,2023-10-29
4383,United States,2023-10-21
4384,United States,2025-08-14
4385,Germany,2024-06-12
4386,United States,2025-04-13
4387,Japan,2025-08-25
4388,United Arab Emirates,2023-10-19
4389,United Arab Emirates,2023-03-15
4390,United Arab Emirates,2025-02-13
4391,United Arab Emirates,2024-04-28
4392,United States,2023-01-16
4393,United States,2024-06-09
4394,United Arab Emirates,2023-12-02
4395,Japan,2025-03-03
4396,Germany,2025-05-22
4397,United Arab Emirates,2024-05-30
4398,United Arab Emirates,2025-07-13
4399,United Arab Emirates,2023-05-07
4400,United Arab Emirates,2025-04-03
4401,United Arab Emirates,2024-06-01
4402,United States,2023-05-09
4403,United Arab Emirates,2024-05-25
4404,United Kingdom,2024-02-27
4405,Japan,2024-01-20
4406,United States,2025-06-01
4407,Japan,2023-08-20
4408,United Arab Emirates,2025-08-16
4409,United Kingdom,2025-04-04
4410,United States,2023-07-14
4411,United Arab Emirates,2023-03-06
4412,United Arab Emirates,2025-04-12
4413,United States,2024-09-06
4414,United States,2023-10-04
4415,United Kingdom,2024-10-31
4416,United Kingdom,2023-08-12
4417,United Kingdom,2025-03-11
4418,United Arab Emirates,2025-08-01
4419,United Kingdom,2023-10-05
4420,United Arab Emirates,2025-09-16
4421,United Arab Emirates,2024-11-24
4422,Japan,2024-01-01
4423,United States,2024-05-30
4424,United States,2023-08-03
4425,United Kingdom,2024-03-14
4426,United Kingdom,2024-03-03
4427,United Arab Emirates,2024-12-29
4428,United Arab Emirates,2024-01-31
4429,United Arab Emirates,2023-07-28
4430,United States,2024-05-15
4431,United States,2024-04-07
4432,United States,2024-08-08
4433,United Kingdom,2023-08-15
4434,Japan,2024-01-10
4435,United Arab Emirates,2024-05-14
4436,United Arab Emirates,2025-08-05
4437,United Kingdom,2023-04-03
4438,United States,2024-04-04
4439,Japan,2024-07-30
4440,United Arab Emirates,2023-11-17
4441,Germany,2023-01-10
4442,Germany,2025-07-02
4443,United Arab Emirates,2023-10-30
4444,United Kingdom,2023-11-18
4445,United Kingdom,2025-03-27
4446,Japan,2024-03-31
4447,United Arab Emirates,2023-10-05
4448,United States,2024-08-20
4449,United Kingdom,2024-06-21
4450,United States,2024-12-30
4451,United Kingdom,2024-01-28
4452,United States,2025-07-05
4453,Germany,2023-04-05
4454,Germany,2025-01-25
4455,Germany,2025-08-16
4456,United Arab Emirates,2023-04-17
4457,United States,2024-01-25
4458,United Arab Emirates,2025-01-29
4459,United Kingdom,2024-06-09
4460,United States,2024-11-03
4461,United Kingdom,2023-03-12
4462,United States,2024-10-25
4463,Japan,2025-08-26
4464,United Arab Emirates,2024-08-09
4465,United States,2024-01-11
4466,United Kingdom,2024-12-27
4467,United Arab Emirates,2024-01-03
4468,United Arab Emirates,2023-02-20
4469,Japan,2025-06-16
4470,Germany,2023-05-23
4471,Japan,2024-02-23
4472,Japan,2024-07-01
4473,United Arab Emirates,2024-05-14
4474,United Kingdom,2025-06-04
4475,United States,2025-09-14
4476,United Kingdom,2023-06-16
4477,United Kingdom,2025-01-17
4478,United Kingdom,2023-09-17
4479,United States,2023-07-11
4480,United States,2023-07-21
4481,United Arab Emirates,2025-02-12
4482,United Kingdom,2023-07-04
4483,United States,2023-06-07
4484,United States,2025-01-27
4485,United Arab Emirates,2024-09-13
4486,United States,2023-04-09
4487,United Arab Emirates,2023-08-29
4488,United Kingdom,2024-05-05
4489,United States,2023-07-21
4490,United States,2024-09-25
4491,United Arab Emirates,2024-05-23
4492,United States,2024-09-20
4493,United States,2023-04-06
4494,United States,2025-01-15
4495,United States,2024-05-04
4496,United States,2024-08-01
4497,United Kingdom,2025-06-06
4498,United Arab Emirates,2023-08-06
4499,United Arab Emirates,2024-06-10
4500,United Kingdom,2023-09-30
4501,United States,2023-08-07
4502,United States,2025-02-24
4503,United Arab Emirates,2025-06-01
4504,United Arab Emirates,2024-10-20
4505,United Kingdom,2023-11-28
4506,United Arab Emirates,2025-05-05
4507,United States,2024-03-28
4508,United Arab Emirates,2023-06-01
4509,United States,2023-12-13
4510,Japan,2025-03-26
4511,United Arab Emirates,2024-02-18
4512,United Kingdom,2024-06-10
4513,United Arab Emirates,2024-03-06
4514,United States,2024-01-14
4515,United States,2025-09-24
4516,United Kingdom,2025-06-13
4517,United States,2024-03-03
4518,Germany,2025-05-15
4519,United Arab Emirates,2025-07-11
4520,United Arab Emirates,2023-03-25
4521,Germany,2023-07-11
4522,United States,2023-02-10
4523,Germany,2025-05-13
4524,United States,2025-04-15
4525,Germany,2025-02-11
4526,United Kingdom,2023-11-05
4527,United States,2024-01-13
4528,Japan,2023-05-16
4529,United States,2025-02-28
4530,United Arab Emirates,2023-04-16
4531,United Arab Emirates,2024-06-02
4532,United Arab Emirates,2025-07-06
4533,United Arab Emirates,2025-03-24
4534,United Kingdom,2024-06-25
4535,United States,2023-05-06
4536,United States,2023-12-23
4537,United Kingdom,2024-02-04
4538,United States,2023-03-20
4539,United Arab Emirates,2024-01-24
4540,United Arab Emirates,2024-08-01
4541,United Arab Emirates,2024-06-18
4542,United States,2024-12-01
4543,United Arab Emirates,2023-03-15
4544,United Arab Emirates,2023-01-05
4545,United Kingdom,2025-07-07
4546,Germany,2024-04-07
4547,United Arab Emirates,2023-03-23
4548,United States,2024-06-20
4549,United States,2025-02-14
4550,United States,2025-09-17
4551,Japan,2024-02-09
4552,United Arab Emirates,2024-05-28
4553,United Arab Emirates,2023-10-05
4554,Germany,2025-04-19
4555,United Kingdom,2025-05-04
4556,United States,2023-08-12
4557,United States,2024-08-06
4558,United States,2023-03-09
4559,Japan,2023-11-16
4560,Japan,2024-08-28
4561,United States,2023-01-19
4562,United Arab Emirates,2024-10-01
4563,Germany,2023-12-09
4564,United Arab Emirates,2024-08-16
4565,United Arab Emirates,2025-02-04
4566,Germany,2025-08-06
4567,United Arab Emirates,2025-01-02
4568,United Arab Emirates,2023-12-09
4569,United Arab Emirates,2023-04-07
4570,Germany,2023-02-21
4571,United States,2023-06-24
4572,United States,2023-12-04
4573,United Arab Emirates,2024-11-24
4574,United States,2025-07-28
4575,United States,2023-12-19
4576,United Kingdom,2024-01-26
4577,United Kingdom,2023-04-25
4578,United Arab Emirates,2023-12-14
4579,Japan,2023-01-01
4580,United States,2023-03-04
4581,Japan,2025-01-29
4582,United Kingdom,2025-01-12
4583,United States,2023-08-14
4584,United States,2024-02-27
4585,United States,2023-01-19
4586,Japan,2023-01-31
4587,United Kingdom,2025-04-24
4588,United Arab Emirates,2024-09-24
4589,United States,2023-01-24
4590,United States,2025-04-16
4591,United States,2025-09-09
4592,United Arab Emirates,2023-07-30
4593,United States,2025-08-18
4594,United Kingdom,2023-06-10
4595,United Kingdom,2023-09-12
4596,United States,2024-07-24
4597,United States,2023-04-24
4598,United Arab Emirates,2024-05-18
4599,United Kingdom,2025-07-17
4600,United Arab Emirates,2024-11-02
4601,United Arab Emirates,2025-08-12
4602,United States,2023-08-08
4603,Japan,2023-12-23
4604,United Kingdom,2023-06-18
4605,United States,2024-06-07
4606,Germany,2025-08-26
4607,Germany,2023-08-30
4608,United Arab Emirates,2024-01-10
4609,Japan,2023-05-19
4610,United Kingdom,2023-04-07
4611,United Kingdom,2023-05-27
4612,United Arab Emirates,2023-07-01
4613,United Kingdom,2023-02-26
4614,United Arab Emirates,2023-02-11
4615,United Arab Emirates,2025-05-15
4616,United Kingdom,2024-12-11
4617,Germany,2024-06-26
4618,Germany,2024-11-22
4619,United Kingdom,2023-01-02
4620,Germany,2025-09-05
4621,Germany,2025-07-22
4622,United States,2023-10-15
4623,United Arab Emirates,2023-05-18
4624,United States,2024-09-08
4625,Japan,2024-05-26
4626,United States,2025-06-22
4627,United Kingdom,2024-12-30
4628,United States,2023-08-10
4629,United States,2023-11-27
4630,United States,2024-09-08
4631,United Arab Emirates,2024-02-08
4632,United Kingdom,2024-05-22
4633,Germany,2025-07-04
4634,Germany,2023-05-07
4635,United Arab Emirates,2023-09-22
4636,Japan,2024-12-12
4637,United Kingdom,2025-02-02
4638,United States,2023-01-15
4639,United States,2023-08-14
4640,Germany,2025-09-10
4641,Japan,2025-05-14
4642,United Kingdom,2023-04-15
4643,Germany,2025-01-14
4644,United Arab Emirates,2024-05-07
4645,United States,2023-11-15
4646,United States,2025-09-26
4647,United States,2023-08-07
4648,United Arab Emirates,2023-10-04
4649,Germany,2025-02-11
4650,United Arab Emirates,2025-06-11
4651,United Arab Emirates,2025-07-19
4652,United States,2023-12-07
4653,United Kingdom,2024-03-27
4654,Germany,2024-01-04
4655,United Kingdom,2025-08-01
4656,United Arab Emirates,2025-04-27
4657,Germany,2025-09-17
4658,United States,2024-04-18
4659,United Arab Emirates,2023-07-09
4660,United States,2025-06-02
4661,United States,2024-02-23
4662,United States,2024-12-10
4663,United Kingdom,2025-05-14
4664,Germany,2025-02-27
4665,Germany,2025-04-27
4666,United States,2024-05-09
4667,United Arab Emirates,2023-02-08
4668,Germany,2023-06-11
4669,United States,2023-05-01
4670,United States,2025-06-10
4671,United Kingdom,2024-02-03
4672,Germany,2023-09-19
4673,United States,2025-08-19
4674,United Arab Emirates,2024-12-28
4675,United Kingdom,2025-04-03
4676,Germany,2024-07-14
4677,United Arab Emirates,2024-08-26
4678,Japan,2023-05-09
4679,United States,2025-04-12
4680,United States,2024-06-23
4681,United Arab Emirates,2023-12-22
4682,United Arab Emirates,2024-10-21
4683,Japan,2024-03-07
4684,United Arab Emirates,2025-04-19
4685,United States,2023-03-06
4686,United Kingdom,2023-08-06
4687,United Arab Emirates,2024-07-16
4688,United Arab Emirates,2024-03-02
4689,United States,2025-03-27
4690,Japan,2025-07-09
4691,United Kingdom,2023-03-15
4692,United Kingdom,2024-04-04
4693,United Kingdom,2024-02-29
4694,United States,2024-12-11
4695,United Kingdom,2023-07-11
4696,Germany,2023-07-08
4697,United States,2023-01-12
4698,United States,2023-08-27
4699,United Arab Emirates,2025-05-21
4700,Japan,2024-08-15
4701,United Arab Emirates,2024-03-28
4702,United Arab Emirates,2024-01-18
4703,United States,2025-02-20
4704,United States,2025-03-12
4705,United Kingdom,2023-02-17
4706,United Kingdom,2023-11-13
4707,United States,2023-07-28
4708,United Arab Emirates,2024-06-30
4709,Germany,2023-04-29
4710,United States,2024-07-30
4711,United Kingdom,2023-11-11
4712,United Kingdom,2025-01-23
4713,United Arab Emirates,2023-02-05
4714,United States,2024-04-07
4715,United States,2025-02-02
4716,United Kingdom,2025-07-03
4717,United States,2025-01-24
4718,Japan,2024-07-07
4719,United Kingdom,2024-08-03
4720,Japan,2024-02-07
4721,United Kingdom,2023-04-17
4722,United Arab Emirates,2023-02-08
4723,United Arab Emirates,2024-08-03
4724,United Kingdom,2023-06-29
4725,United Arab Emirates,2023-01-12
4726,United Arab Emirates,2023-12-05
4727,Japan,2025-07-31
4728,Germany,2024-12-16
4729,United States,2024-07-01
4730,United Arab Emirates,2023-05-06
4731,United Arab Emirates,2023-03-04
4732,United Arab Emirates,2025-04-23
4733,United States,2023-03-23
4734,Japan,2025-03-29
4735,United Kingdom,2023-10-26
4736,United Arab Emirates,2023-02-03
4737,United States,2025-01-21
4738,United Kingdom,2024-08-31
4739,United Kingdom,2023-02-18
4740,United States,2024-10-19
4741,United States,2024-09-28
4742,United Arab Emirates,2024-12-01
4743,United Arab Emirates,2023-02-26
4744,Japan,2025-05-10
4745,United Arab Emirates,2023-04-19
4746,United Arab Emirates,2024-05-31
4747,United Arab Emirates,2025-09-11
4748,United Arab Emirates,2023-01-24
4749,United Kingdom,2023-08-09
4750,Germany,2025-08-17
4751,United Kingdom,2023-11-11
4752,United Kingdom,2023-10-21
4753,United States,2025-07-17
4754,United States,2023-01-10
4755,Germany,2024-11-07
4756,Germany,2024-04-25
4757,United Arab Emirates,2024-12-27
4758,United States,2024-09-29
4759,United Kingdom,2023-09-24
4760,Japan,2025-03-02
4761,United Kingdom,2023-03-29
4762,Japan,2024-03-30
4763,United States,2024-09-17
4764,United Arab Emirates,2024-06-16
4765,United States,2023-05-28
4766,Japan,2025-01-26
4767,Germany,2025-02-16
4768,United Arab Emirates,2024-12-29
4769,United States,2024-03-06
4770,United Kingdom,2025-09-22
4771,United Arab Emirates,2025-01-21
4772,United Kingdom,2025-07-31
4773,United Arab Emirates,2025-06-29
4774,Germany,2025-07-28
4775,United Kingdom,2025-01-13
4776,Germany,2025-01-13
4777,United Arab Emirates,2023-08-30
4778,United Kingdom,2024-12-02
4779,United Arab Emirates,2025-06-20
4780,United Arab Emirates,2025-01-10
4781,United Arab Emirates,2023-03-07
4782,United Arab Emirates,2025-08-29
4783,United States,2024-01-13
4784,United Arab Emirates,2024-01-23
4785,United Kingdom,2025-03-01
4786,United Kingdom,2025-02-19
4787,Germany,2023-07-28
4788,Japan,2024-02-19
4789,United Kingdom,2023-01-16
4790,United Kingdom,2023-10-24
4791,United Arab Emirates,2025-09-12
4792,Japan,2023-08-08
4793,United Arab Emirates,2025-02-07
4794,United Arab Emirates,2024-01-02
4795,United Arab Emirates,2025-02-18
4796,United Kingdom,2023-08-17
4797,United Arab Emirates,2024-09-22
4798,United States,2024-03-15
4799,United Arab Emirates,2024-11-20
4800,United States,2024-06-15
4801,United Arab Emirates,2024-03-25
4802,United Arab Emirates,2023-02-05
4803,Japan,2025-04-26
4804,United Arab Emirates,2024-02-26
4805,Germany,2025-07-06
4806,United States,2024-09-11
4807,United Arab Emirates,2023-07-08
4808,Japan,2023-06-27
4809,United Arab Emirates,2024-08-30
4810,Germany,2023-11-11
4811,United Arab Emirates,2023-01-20
4812,Germany,2024-11-06
4813,United Arab Emirates,2024-01-17
4814,United States,2024-08-31
4815,United States,2023-05-23
4816,Japan,2023-03-03
4817,Japan,2023-08-30
4818,Germany,2023-08-26
4819,Germany,2023-05-11
4820,United Arab Emirates,2024-08-27
4821,United Arab Emirates,2024-08-25
4822,United Arab Emirates,2024-10-06
4823,United Kingdom,2023-05-03
4824,United Kingdom,2024-03-15
4825,United States,2025-07-15
4826,United Arab Emirates,2023-12-08
4827,United States,2024-02-23
4828,United Arab Emirates,2024-09-21
4829,United Kingdom,2024-03-30
4830,United States,2023-07-17
4831,United States,2023-10-09
4832,United States,2025-06-04
4833,United States,2023-01-01
4834,United Arab Emirates,2024-12-23
4835,United States,2025-02-13
4836,United Arab Emirates,2025-07-20
4837,United Kingdom,2023-11-28
4838,United Kingdom,2023-07-31
4839,United Arab Emirates,2023-03-28
4840,United Arab Emirates,2024-10-26
4841,Japan,2025-05-11
4842,Japan,2024-11-29
4843,United Kingdom,2023-03-02
4844,United Arab Emirates,2025-03-07
4845,United Arab Emirates,2023-04-05
4846,United Kingdom,2025-02-24
4847,Japan,2024-07-06
4848,United Arab Emirates,2023-05-27
4849,United States,2023-09-03
4850,United Arab Emirates,2024-10-05
4851,Japan,2025-08-18
4852,United Kingdom,2023-10-24
4853,United States,2023-05-03
4854,United Kingdom,2024-10-16
4855,United States,2024-11-24
4856,United Arab Emirates,2024-12-04
4857,United Arab Emirates,2024-03-31
4858,Japan,2024-02-03
4859,Japan,2024-12-19
4860,Germany,2025-08-03
4861,United States,2023-08-19
4862,Germany,2024-06-17
4863,United Arab Emirates,2024-02-06
4864,United Kingdom,2024-08-14
4865,United Kingdom,2023-05-10
4866,United States,2023-10-19
4867,United Kingdom,2023-10-03
4868,United Arab Emirates,2025-06-30
4869,United States,2025-04-14
4870,Germany,2024-01-11
4871,United Kingdom,2025-07-14
4872,United Arab Emirates,2023-02-24
4873,United Arab Emirates,2024-07-31
4874,United Arab Emirates,2025-01-08
4875,United Arab Emirates,2023-01-26
4876,United States,2024-03-16
4877,United States,2025-02-03
4878,United States,2023-07-16
4879,United Kingdom,2024-10-03
4880,Germany,2023-08-31
4881,United Arab Emirates,2025-04-03
4882,United Kingdom,2024-12-24
4883,Germany,2023-07-09
4884,United Arab Emirates,2025-03-12
4885,United Arab Emirates,2025-01-07
4886,Germany,2025-01-27
4887,United Kingdom,2024-07-21
4888,United States,2024-07-20
4889,United Arab Emirates,2023-10-03
4890,United States,2025-03-28
4891,United Kingdom,2024-02-13
4892,United Arab Emirates,2023-12-06
4893,United States,2023-06-02
4894,United Arab Emirates,2024-07-18
4895,United Kingdom,2024-02-02
4896,United Arab Emirates,2024-03-19
4897,United Arab Emirates,2024-09-14
4898,United Arab Emirates,2024-03-02
4899,United Arab Emirates,2025-08-15
4900,Japan,2024-05-01
4901,United Arab Emirates,2023-07-23
4902,United Kingdom,2023-04-22
4903,United Arab Emirates,2023-11-21
4904,United Kingdom,2025-08-16
4905,Japan,2023-09-15
4906,United Arab Emirates,2025-08-07
4907,Japan,2024-06-11
4908,United Arab Emirates,2025-08-08
4909,United States,2023-12-16
4910,United States,2025-07-27
4911,Germany,2025-08-14
4912,United States,2024-11-08
4913,United States,2025-03-23
4914,United Arab Emirates,2025-06-12
4915,United Arab Emirates,2024-03-10
4916,Japan,2024-03-01
4917,United Kingdom,2023-10-07
4918,United Kingdom,2024-01-06
4919,United States,2024-10-31
4920,United Kingdom,2025-07-21
4921,Japan,2023-09-06
4922,United States,2025-06-09
4923,United States,2023-06-30
4924,Germany,2024-12-03
4925,United Arab Emirates,2025-09-25
4926,United Arab Emirates,2024-10-12
4927,United Kingdom,2023-03-19
4928,United Arab Emirates,2025-07-07
4929,United States,2025-06-03
4930,Japan,2023-12-02
4931,United Kingdom,2023-02-19
4932,United Kingdom,2023-03-26
4933,Japan,2024-11-25
4934,United Kingdom,2024-11-25
4935,United Kingdom,2023-01-04
4936,United Kingdom,2025-09-19
4937,Japan,2025-08-07
4938,United States,2023-11-13
4939,United States,2023-04-21
4940,Germany,2023-11-30
4941,United Kingdom,2025-04-30
4942,United Kingdom,2025-02-01
4943,Germany,2023-05-13
4944,United Kingdom,2024-09-03
4945,United States,2025-09-17
4946,Japan,2025-07-02
4947,United States,2024-11-14
4948,United States,2025-03-09
4949,Germany,2023-04-29
4950,Germany,2023-12-16
4951,United Kingdom,2025-07-05
4952,United Arab Emirates,2024-11-17
4953,United Kingdom,2024-06-25
4954,United States,2023-02-24
4955,United Kingdom,2023-12-27
4956,United States,2024-12-08
4957,United Kingdom,2024-03-28
4958,United States,2024-07-06
4959,United Arab Emirates,2024-11-15
4960,United States,2023-11-26
4961,United States,2023-08-07
4962,United Arab Emirates,2023-07-27
4963,United Arab Emirates,2024-10-31
4964,United States,2025-04-24
4965,United Kingdom,2025-01-09
4966,United Arab Emirates,2023-03-26
4967,Japan,2024-11-15
4968,United States,2023-09-02
4969,Japan,2025-05-21
4970,United Kingdom,2024-11-15
4971,United Kingdom,2023-12-01
4972,Germany,2023-07-31
4973,United States,2024-08-18
4974,United States,2024-11-15
4975,United Arab Emirates,2023-07-02
4976,United Kingdom,2025-08-12
4977,United Arab Emirates,2023-05-13
4978,United Arab Emirates,2025-06-10
4979,United Arab Emirates,2025-03-10
4980,United Arab Emirates,2025-02-12
4981,Japan,2023-12-16
4982,United Arab Emirates,2023-10-09
4983,United States,2023-10-20
4984,Germany,2023-09-26
4985,United States,2025-05-10
4986,United Arab Emirates,2023-07-16
4987,United States,2024-06-20
4988,United States,2024-10-14
4989,United States,2025-09-10
4990,United States,2025-01-04
4991,Japan,2023-01-20
4992,United States,2025-01-28
4993,United Kingdom,2025-04-19
4994,United States,2025-08-13
4995,United Arab Emirates,2024-12-13
4996,Germany,2024-02-09
4997,United Arab Emirates,2023-04-25
4998,United Kingdom,2025-06-13
4999,Germany,2024-12-01
5000,United States,2025-09-06
5001,United Kingdom,2025-09-01
5002,United Kingdom,2023-01-26
5003,Germany,2024-07-19
5004,United Kingdom,2024-11-12
5005,Germany,2024-01-30
5006,United Arab Emirates,2025-07-21
5007,United States,2024-01-16
5008,Germany,2024-06-06
5009,United Arab Emirates,2024-06-22
5010,United Kingdom,2025-05-11
5011,United Arab Emirates,2023-03-24
5012,United States,2025-03-12
5013,United States,2024-07-03
5014,United States,2024-03-20
5015,United Arab Emirates,2023-03-28
5016,United Arab Emirates,2025-08-06
5017,United Arab Emirates,2025-04-12
5018,United Kingdom,2024-01-22
5019,United States,2025-08-20
5020,Germany,2024-10-29
5021,United States,2024-02-02
5022,United Kingdom,2025-03-30
5023,Japan,2023-10-13
5024,United States,2024-11-28
5025,Japan,2024-11-24
5026,United States,2025-08-22
5027,United Arab Emirates,2024-01-04
5028,United Arab Emirates,2024-10-16
5029,United States,2024-02-26
5030,United Arab Emirates,2024-12-18
5031,United Kingdom,2024-10-15
5032,United States,2024-11-27
5033,United States,2024-03-18
5034,United States,2025-01-22
5035,United Arab Emirates,2024-06-03
5036,United Kingdom,2024-08-06
5037,United States,2025-07-03
5038,Japan,2023-10-15
5039,United States,2023-04-05
5040,Japan,2024-10-30
5041,United States,2023-02-10
5042,United States,2023-11-27
5043,United Arab Emirates,2025-03-23
5044,United States,2025-02-19
5045,United States,2023-06-04
5046,United States,2024-05-18
5047,United Kingdom,2023-10-02
5048,United States,2024-10-27
5049,United Kingdom,2024-07-18
5050,United States,2023-06-28
5051,United Arab Emirates,2025-07-21
5052,Germany,2025-01-21
5053,United Arab Emirates,2023-05-17
5054,United Arab Emirates,2025-02-05
5055,United Kingdom,2025-09-14
5056,United States,2025-01-05
5057,United Kingdom,2023-06-29
5058,United Arab Emirates,2023-07-01
5059,United States,2023-09-16
5060,United Kingdom,2023-08-31
5061,Japan,2023-04-06
5062,Japan,2023-07-16
5063,United States,2025-06-22
5064,United Kingdom,2024-06-09
5065,United States,2024-09-23
5066,United Arab Emirates,2024-01-22
5067,United Kingdom,2024-02-12
5068,United Kingdom,2023-09-26
5069,Japan,2023-06-20
5070,United Arab Emirates,2025-07-13
5071,United States,2024-08-06
5072,United States,2024-11-21
5073,United Kingdom,2023-06-19
5074,United Arab Emirates,2023-06-08
5075,Japan,2024-05-23
5076,United States,2024-03-22
5077,United States,2024-10-27
5078,United Arab Emirates,2025-07-02
5079,United Kingdom,2023-03-23
5080,United Kingdom,2023-02-26
5081,United Arab Emirates,2024-06-02
5082,United Arab Emirates,2023-04-22
5083,Germany,2025-09-24
5084,United Arab Emirates,2023-02-17
5085,United Arab Emirates,2024-08-14
5086,United States,2025-06-05
5087,United States,2024-01-11
5088,United Arab Emirates,2025-04-07
5089,United States,2023-02-02
5090,United Arab Emirates,2024-05-18
5091,United Arab Emirates,2024-09-18
5092,United Arab Emirates,2025-06-14
5093,Germany,2023-01-03
5094,United Arab Emirates,2024-04-30
5095,United Arab Emirates,2024-05-30
5096,United Kingdom,2025-05-17
5097,Germany,2025-02-10
5098,United Arab Emirates,2023-02-11
5099,United Kingdom,2023-01-09
5100,United Arab Emirates,2025-09-26
5101,United Kingdom,2025-03-29
5102,United States,2024-10-18
5103,United States,2025-07-01
5104,United Kingdom,2024-08-31
5105,United Kingdom,2025-02-26
5106,United Arab Emirates,2023-05-22
5107,United Kingdom,2025-02-28
5108,United Arab Emirates,2024-03-11
5109,United States,2023-01-27
5110,Japan,2023-02-12
5111,Japan,2023-05-11
5112,Germany,2023-08-04
5113,United States,2024-08-28
5114,United States,2024-06-03
5115,United Arab Emirates,2024-08-20
5116,United States,2023-12-11
5117,United Kingdom,2024-05-22
5118,United Kingdom,2024-10-11
5119,United States,2025-05-30
5120,United Arab Emirates,2024-02-17
5121,United Kingdom,2025-07-24
5122,Japan,2023-09-03
5123,United Arab Emirates,2024-03-24
5124,United Kingdom,2023-01-21
5125,Japan,2025-09-25
5126,United States,2024-02-12
5127,United States,2024-04-01
5128,United Arab Emirates,2024-03-19
5129,United Kingdom,2025-07-10
5130,Germany,2023-09-22
5131,United States,2024-10-21
5132,United States,2023-07-03
5133,United Arab Emirates,2023-08-15
5134,United Arab Emirates,2025-03-14
5135,Japan,2024-07-01
5136,United Kingdom,2023-09-03
5137,United States,2023-03-14
5138,United Arab Emirates,2023-05-30
5139,United States,2024-05-27
5140,Japan,2023-03-10
5141,United States,2025-08-26
5142,United Arab Emirates,2025-03-15
5143,United States,2023-08-18
5144,United States,2024-12-23
5145,United Kingdom,2023-03-13
5146,Germany,2025-05-24
5147,United States,2024-08-30
5148,Germany,2024-02-01
5149,United States,2023-03-25
5150,United Arab Emirates,2025-01-09
5151,United Kingdom,2023-10-26
5152,United Arab Emirates,2025-01-17
5153,Japan,2023-10-20
5154,United States,2025-01-03
5155,United States,2025-08-27
5156,United Kingdom,2023-08-11
5157,United Arab Emirates,2025-03-03
5158,United States,2025-01-02
5159,United Kingdom,2023-08-04
5160,United Arab Emirates,2023-08-19
5161,United States,2024-02-09
5162,United Arab Emirates,2023-06-18
5163,United Kingdom,2023-11-25
5164,United Kingdom,2024-03-01
5165,United Arab Emirates,2024-07-07
5166,Japan,2025-02-08
5167,United Arab Emirates,2023-07-15
5168,United Arab Emirates,2025-06-22
5169,United Arab Emirates,2024-08-30
5170,United States,2025-04-08
5171,United Kingdom,2024-06-09
5172,United States,2024-09-16
5173,United Arab Emirates,2023-03-18
5174,United Arab Emirates,2023-10-04
5175,United Kingdom,2025-07-08
5176,Germany,2025-08-03
5177,Germany,2024-04-10
5178,United Arab Emirates,2025-07-29
5179,United States,2024-03-23
5180,Japan,2023-11-16
5181,United Kingdom,2025-09-26
5182,Germany,2025-07-10
5183,United Arab Emirates,2023-06-09
5184,Japan,2024-05-06
5185,United States,2023-11-09
5186,Japan,2024-09-22
5187,United States,2025-08-06
5188,United Kingdom,2023-06-10
5189,Japan,2023-11-04
5190,United Arab Emirates,2025-05-12
5191,United Kingdom,2023-05-26
5192,United States,2024-11-05
5193,United States,2024-01-31
5194,Japan,2024-11-21
5195,United Arab Emirates,2023-03-30
5196,United States,2025-01-04
5197,United States,2025-02-16
5198,United Arab Emirates,2025-01-20
5199,United Kingdom,2023-11-04
5200,United Arab Emirates,2024-06-29
5201,United Kingdom,2024-01-06
5202,Japan,2024-03-26
5203,United States,2023-06-16
5204,United States,2024-01-27
5205,Japan,2024-09-28
5206,United Kingdom,2025-01-05
5207,Germany,2024-05-05
5208,United Kingdom,2025-07-13
5209,Germany,2023-05-30
5210,United Arab Emirates,2024-04-12
5211,Japan,2025-08-23
5212,United Arab Emirates,2024-12-01
5213,United Kingdom,2023-02-12
5214,United States,2025-08-02
5215,United Kingdom,2023-01-29
5216,United States,2025-05-23
5217,United Kingdom,2024-09-23
5218,United States,2025-04-28
5219,United Arab Emirates,2023-01-31
5220,United Arab Emirates,2024-11-23
5221,United Arab Emirates,2024-11-04
5222,United Kingdom,2023-05-08
5223,United Arab Emirates,2025-02-05
5224,United Kingdom,2023-10-21
5225,United Kingdom,2024-03-16
5226,United Arab Emirates,2025-05-18
5227,United States,2024-01-23
5228,Germany,2025-02-04
5229,United Arab Emirates,2024-10-03
5230,United States,2024-06-07
5231,United States,2024-06-30
5232,United Kingdom,2024-12-10
5233,United States,2025-01-29
5234,United Kingdom,2023-04-20
5235,United States,2023-11-24
5236,United Arab Emirates,2024-02-09
5237,United States,2023-09-02
5238,United States,2025-01-31
5239,United Arab Emirates,2025-05-27
5240,United Kingdom,2025-04-08
5241,Japan,2023-06-12
5242,United Kingdom,2024-07-13
5243,United States,2024-02-03
5244,Japan,2024-08-05
5245,United States,2024-02-03
5246,United States,2024-05-07
5247,United States,2024-10-07
5248,Germany,2023-08-27
5249,United Kingdom,2024-04-09
5250,United Kingdom,2024-08-02
5251,United Kingdom,2025-02-28
5252,Japan,2023-02-01
5253,United States,2023-05-03
5254,United Arab Emirates,2024-06-17
5255,Germany,2024-10-28
5256,United Kingdom,2023-04-20
5257,United Arab Emirates,2023-09-28
5258,United States,2024-01-15
5259,United Kingdom,2023-10-27
5260,Germany,2024-09-18
5261,United Arab Emirates,2025-09-08
5262,Germany,2025-01-01
5263,United States,2025-01-11
5264,United Arab Emirates,2025-02-02
5265,Japan,2023-09-06
5266,United States,2024-06-04
5267,United Arab Emirates,2023-02-03
5268,United Kingdom,2023-08-16
5269,Germany,2024-08-07
5270,United Kingdom,2024-02-03
5271,United Arab Emirates,2025-08-15
5272,United Arab Emirates,2025-03-23
5273,United Arab Emirates,2024-12-24
5274,United States,2024-08-06
5275,United Kingdom,2024-07-23
5276,United Arab Emirates,2023-08-08
5277,United Arab Emirates,2024-01-06
5278,United Kingdom,2025-02-25
5279,Japan,2025-01-30
5280,United Kingdom,2024-06-11
5281,Japan,2023-03-16
5282,United Kingdom,2024-09-09
5283,United Arab Emirates,2023-05-16
5284,Germany,2025-07-17
5285,United Kingdom,2023-03-15
5286,United States,2023-09-11
5287,Japan,2023-01-18
5288,United Arab Emirates,2025-07-19
5289,United Arab Emirates,2023-02-12
5290,United States,2023-02-19
5291,United Arab Emirates,2024-05-29
5292,United Arab Emirates,2025-01-13
5293,United Arab Emirates,2024-12-31
5294,United Arab Emirates,2024-07-24
5295,United States,2025-03-06
5296,United Arab Emirates,2025-03-24
5297,United Kingdom,2024-07-29
5298,United States,2024-08-04
5299,United Kingdom,2023-10-30
5300,United Arab Emirates,2023-05-22
5301,United States,2025-06-21
5302,United Arab Emirates,2023-07-21
5303,United States,2023-07-26
5304,Germany,2024-02-19
5305,United Kingdom,2023-08-09
5306,United States,2023-12-28
5307,United Kingdom,2025-01-27
5308,United Kingdom,2023-03-22
5309,Germany,2025-02-01
5310,Germany,2024-07-16
5311,United Kingdom,2023-10-12
5312,United States,2024-01-04
5313,Japan,2024-05-06
5314,Japan,2025-06-29
5315,United States,2025-06-14
5316,United Kingdom,2023-12-12
5317,United Arab Emirates,2023-07-23
5318,Japan,2023-01-25
5319,United Arab Emirates,2025-08-14
5320,United States,2024-07-06
5321,United Arab Emirates,2023-03-10
5322,United Arab Emirates,2024-05-30
5323,United Kingdom,2024-05-06
5324,Japan,2023-08-28
5325,United Arab Emirates,2023-12-27
5326,United States,2024-03-16
5327,United Arab Emirates,2023-01-31
5328,United Arab Emirates,2025-06-17
5329,United Kingdom,2024-09-20
5330,United States,2024-12-07
5331,United Arab Emirates,2024-08-24
5332,United Kingdom,2024-11-20
5333,United Arab Emirates,2024-10-18
5334,United Kingdom,2025-08-13
5335,Japan,2024-12-14
5336,Japan,2023-11-18
5337,United Kingdom,2023-12-10
5338,United States,2024-12-15
5339,Japan,2024-06-19
5340,United Arab Emirates,2023-12-21
5341,Germany,2024-04-15
5342,Japan,2025-07-16
5343,United Arab Emirates,2025-09-09
5344,United Arab Emirates,2025-09-20
5345,Japan,2023-04-15
5346,United States,2025-02-25
5347,United Arab Emirates,2023-11-18
5348,United Arab Emirates,2024-07-25
5349,United Kingdom,2025-06-01
5350,United States,2025-08-19
5351,United States,2024-06-10
5352,Japan,2024-05-18
5353,United Arab Emirates,2023-03-26
5354,United States,2025-07-19
5355,United States,2024-12-09
5356,United Kingdom,2023-08-23
5357,United Arab Emirates,2025-07-11
5358,Japan,2025-05-05
5359,Germany,2023-09-20
5360,United Kingdom,2023-01-06
5361,United States,2024-05-08
5362,United Arab Emirates,2025-06-11
5363,United States,2023-10-16
5364,United States,2024-07-23
5365,United States,2025-08-02
5366,Japan,2024-10-18
5367,United States,2025-05-27
5368,United Kingdom,2024-07-07
5369,United States,2023-12-16
5370,United Arab Emirates,2023-07-19
5371,United Kingdom,2025-07-24
5372,United Kingdom,2024-11-16
5373,United Kingdom,2025-08-24
5374,United States,2025-08-23
5375,United Kingdom,2025-08-21
5376,United States,2025-06-15
5377,United States,2023-12-01
5378,United Kingdom,2024-08-29
5379,Germany,2023-08-05
5380,United Arab Emirates,2024-09-14
5381,United Arab Emirates,2023-12-19
5382,United States,2024-11-22
5383,United Arab Emirates,2024-11-05
5384,United Arab Emirates,2024-09-22
5385,United States,2023-11-21
5386,United States,2025-06-19
5387,United Kingdom,2023-08-16
5388,Japan,2023-05-25
5389,United States,2025-08-06
5390,Germany,2023-11-04
5391,United Arab Emirates,2024-10-15
5392,United States,2024-09-25
5393,Germany,2023-10-12
5394,United States,2024-01-27
5395,United States,2025-01-07
5396,United Kingdom,2023-12-26
5397,United Arab Emirates,2025-02-07
5398,United Kingdom,2025-03-07
5399,United Kingdom,2025-07-20
5400,Germany,2025-08-04
5401,United Arab Emirates,2023-06-14
5402,Japan,2025-01-02
5403,Japan,2024-08-03
5404,United Arab Emirates,2025-03-31
5405,United Kingdom,2023-08-12
5406,Germany,2023-05-04
5407,Japan,2025-08-05
5408,United Kingdom,2023-12-10
5409,United Kingdom,2025-04-30
5410,United States,2024-06-07
5411,United States,2023-02-21
5412,United Arab Emirates,2023-05-09
5413,United States,2023-05-15
5414,United Arab Emirates,2024-10-18
5415,United Arab Emirates,2023-05-07
5416,United Kingdom,2025-01-07
5417,United Kingdom,2025-07-27
5418,United Kingdom,2023-03-12
5419,United Kingdom,2023-09-30
5420,United Kingdom,2023-07-06
5421,United Arab Emirates,2023-01-03
5422,United Kingdom,2023-10-12
5423,Japan,2023-01-22
5424,United Kingdom,2023-06-15
5425,United Kingdom,2023-11-06
5426,United States,2025-05-24
5427,Japan,2024-04-21
5428,United Arab Emirates,2024-05-12
5429,United States,2024-03-09
5430,United States,2025-01-27
5431,United States,2023-08-22
5432,United Arab Emirates,2025-04-16
5433,United States,2024-10-31
5434,United Arab Emirates,2024-10-24
5435,United States,2024-12-25
5436,United States,2024-01-11
5437,United Arab Emirates,2024-12-30
5438,Germany,2023-09-03
5439,United Arab Emirates,2023-10-30
5440,Germany,2024-02-09
5441,United Kingdom,2025-02-26
5442,United Arab Emirates,2024-10-24
5443,United Arab Emirates,2024-12-08
5444,Japan,2025-07-05
5445,United Arab Emirates,2023-01-21
5446,United Arab Emirates,2023-09-14
5447,United Kingdom,2024-02-03
5448,United States,2024-06-12
5449,United States,2023-02-20
5450,United Arab Emirates,2024-03-22
5451,United Arab Emirates,2023-09-27
5452,United Arab Emirates,2025-04-06
5453,United Arab Emirates,2024-08-17
5454,United Kingdom,2025-03-28
5455,United States,2024-09-27
5456,United Arab Emirates,2025-03-12
5457,United Kingdom,2023-09-19
5458,United Kingdom,2023-12-31
5459,Japan,2023-02-18
5460,Japan,2024-06-01
5461,Germany,2024-09-20
5462,United Arab Emirates,2023-04-28
5463,United Arab Emirates,2024-03-28
5464,United Kingdom,2025-02-13
5465,United Arab Emirates,2025-05-14
5466,United States,2025-08-30
5467,United States,2025-08-04
5468,Germany,2025-06-04
5469,Germany,2024-10-02
5470,United Kingdom,2024-02-01
5471,United States,2024-11-13
5472,United Kingdom,2023-01-27
5473,United Arab Emirates,2024-12-11
5474,United States,2024-01-07
5475,United Arab Emirates,2025-06-17
5476,United Kingdom,2025-04-05
5477,United Kingdom,2025-05-06
5478,United States,2023-04-07
5479,United States,2025-09-26
5480,United Kingdom,2024-06-12
5481,Germany,2024-11-15
5482,United Arab Emirates,2025-08-31
5483,United Kingdom,2024-09-04
5484,United States,2023-07-05
5485,United States,2024-11-26
5486,Japan,2025-08-07
5487,United Arab Emirates,2023-08-03
5488,United States,2023-09-08
5489,United States,2023-08-04
5490,Japan,2023-01-29
5491,United Arab Emirates,2023-04-12
5492,United States,2023-05-03
5493,United States,2023-02-23
5494,United Arab Emirates,2023-10-10
5495,United Kingdom,2024-09-05
5496,United Kingdom,2023-04-27
5497,United States,2024-09-07
5498,Germany,2024-07-10
5499,United States,2023-04-24
5500,United States,2025-05-04
5501,United States,2024-06-26
5502,United Arab Emirates,2024-11-06
5503,United Arab Emirates,2025-09-03
5504,United Kingdom,2024-12-01
5505,United Kingdom,2023-10-20
5506,United Arab Emirates,2023-07-14
5507,United States,2023-10-19
5508,United Kingdom,2025-06-05
5509,United Arab Emirates,2023-09-18
5510,United Kingdom,2025-07-30
5511,United Arab Emirates,2023-07-26
5512,Japan,2024-07-17
5513,Germany,2023-02-18
5514,United States,2023-01-06
5515,United Arab Emirates,2024-01-14
5516,United States,2024-01-29
5517,Germany,2025-06-04
5518,United States,2023-08-12
5519,United Arab Emirates,2023-01-23
5520,United States,2024-10-18
5521,Germany,2023-04-20
5522,United States,2024-12-24
5523,United States,2025-03-22
5524,United Kingdom,2024-07-06
5525,United States,2024-02-03
5526,United Arab Emirates,2023-06-21
5527,United States,2024-11-28
5528,United Arab Emirates,2024-12-26
5529,United Kingdom,2023-11-02
5530,United Arab Emirates,2024-07-17
5531,United States,2024-08-04
5532,United Arab Emirates,2024-12-08
5533,United States,2025-08-16
5534,United States,2025-08-11
5535,United Arab Emirates,2023-05-31
5536,United Arab Emirates,2024-03-03
5537,United Arab Emirates,2024-09-12
5538,Germany,2024-04-11
5539,United States,2024-09-21
5540,United Kingdom,2025-05-26
5541,United Arab Emirates,2024-08-29
5542,United States,2025-02-06
5543,Germany,2024-07-09
5544,Germany,2025-08-05
5545,United States,2023-03-08
5546,United Arab Emirates,2023-06-05
5547,United Arab Emirates,2025-04-14
5548,United Arab Emirates,2023-07-25
5549,United Arab Emirates,2025-02-24
5550,United Arab Emirates,2023-06-04
5551,United Arab Emirates,2024-11-21
5552,United Kingdom,2024-05-23
5553,Japan,2024-07-25
5554,United States,2023-03-15
5555,Germany,2023-02-18
5556,United States,2025-02-21
5557,United Arab Emirates,2024-04-11
5558,United States,2024-08-07
5559,United Arab Emirates,2024-12-08
5560,United States,2025-06-29
5561,United Kingdom,2023-06-28
5562,Japan,2023-02-17
5563,United Arab Emirates,2023-03-13
5564,United Arab Emirates,2023-04-23
5565,Japan,2025-01-26
5566,United Arab Emirates,2025-06-15
5567,United States,2025-06-21
5568,United States,2025-03-31
5569,Germany,2023-06-08
5570,Japan,2025-02-24
5571,Japan,2025-02-18
5572,United Arab Emirates,2025-03-26
5573,Germany,2023-01-30
5574,United States,2023-04-07
5575,United States,2023-09-08
5576,United Arab Emirates,2024-06-02
5577,United States,2023-04-02
5578,Japan,2023-04-23
5579,Japan,2023-09-16
5580,United Kingdom,2023-04-17
5581,United Arab Emirates,2024-07-28
5582,United Kingdom,2024-01-25
5583,Germany,2025-09-17
5584,United States,2023-12-24
5585,United Kingdom,2025-02-21
5586,United Arab Emirates,2023-07-18
5587,United Kingdom,2024-03-02
5588,United Kingdom,2024-04-22
5589,Japan,2025-05-08
5590,United States,2025-04-28
5591,United Kingdom,2024-05-17
5592,United States,2024-10-19
5593,United Arab Emirates,2025-07-06
5594,Japan,2024-07-26
5595,United Kingdom,2023-04-30
5596,United Kingdom,2024-07-26
5597,United Kingdom,2023-11-05
5598,United States,2024-06-21
5599,United States,2024-09-18
5600,United States,2024-04-19
5601,United Arab Emirates,2024-07-05
5602,United Kingdom,2023-12-10
5603,United Arab Emirates,2024-09-19
5604,United States,2023-05-16
5605,United Arab Emirates,2023-10-04
5606,United States,2025-09-15
5607,Germany,2025-03-21
5608,Germany,2024-06-16
5609,United Kingdom,2025-06-17
5610,United Kingdom,2023-01-31
5611,United Arab Emirates,2023-09-04
5612,United States,2024-02-15
5613,Germany,2023-01-27
5614,United Arab Emirates,2023-03-14
5615,United Kingdom,2025-08-10
5616,Germany,2023-04-07
5617,Germany,2024-11-03
5618,United Arab Emirates,2023-12-12
5619,United States,2024-04-20
5620,United Arab Emirates,2023-10-27
5621,United Arab Emirates,2023-10-26
5622,Japan,2023-10-14
5623,Germany,2025-06-03
5624,United States,2024-03-24
5625,United Arab Emirates,2023-07-31
5626,Germany,2023-03-17
5627,United Kingdom,2024-02-05
5628,United Kingdom,2024-10-16
5629,United States,2023-02-03
5630,United Arab Emirates,2024-05-12
5631,United States,2025-04-27
5632,United States,2024-05-30
5633,United Arab Emirates,2023-11-24
5634,United Arab Emirates,2023-04-08
5635,United Arab Emirates,2024-01-01
5636,United Arab Emirates,2024-12-29
5637,United States,2024-04-07
5638,Germany,2023-01-28
5639,United Arab Emirates,2024-12-13
5640,United Arab Emirates,2024-01-21
5641,United States,2023-09-30
5642,Germany,2025-04-05
5643,United Kingdom,2023-05-07
5644,United Kingdom,2023-07-21
5645,United States,2024-06-04
5646,United Arab Emirates,2023-10-14
5647,United Arab Emirates,2024-03-25
5648,United States,2023-03-29
5649,United States,2023-11-14
5650,United States,2023-01-19
5651,United States,2024-08-15
5652,United States,2023-04-17
5653,United Arab Emirates,2024-04-02
5654,United Kingdom,2023-11-07
5655,United Arab Emirates,2024-02-16
5656,United Arab Emirates,2025-01-11
5657,United States,2024-09-15
5658,Germany,2025-01-01
5659,Japan,2024-09-26
5660,United States,2024-05-12
5661,United Arab Emirates,2023-09-01
5662,United Arab Emirates,2024-11-20
5663,Germany,2024-07-30
5664,United States,2024-01-15
5665,United States,2024-05-29
5666,United States,2023-07-26
5667,United States,2025-08-05
5668,Germany,2024-01-29
5669,United Arab Emirates,2023-01-21
5670,United States,2025-03-15
5671,Germany,2024-06-10
5672,United Arab Emirates,2023-12-09
5673,United States,2024-12-18
5674,United Kingdom,2025-09-01
5675,Japan,2023-07-21
5676,United Arab Emirates,2023-04-30
5677,United States,2024-10-10
5678,United Arab Emirates,2025-03-22
5679,United States,2025-03-17
5680,United Arab Emirates,2024-01-24
5681,United Arab Emirates,2024-06-20
5682,United Kingdom,2025-04-03
5683,Japan,2023-08-22
5684,United Arab Emirates,2024-09-24
5685,United Arab Emirates,2024-08-24
5686,United States,2023-11-16
5687,United States,2024-12-12
5688,Japan,2025-09-08
5689,United Arab Emirates,2023-06-29
5690,United States,2025-05-06
5691,United Arab Emirates,2024-01-03
5692,United Arab Emirates,2023-03-17
5693,United States,2024-10-10
5694,United States,2024-10-11
5695,United States,2024-05-10
5696,United Kingdom,2024-06-05
5697,United Kingdom,2023-07-20
5698,United Kingdom,2025-04-09
5699,Japan,2023-12-12
5700,United Arab Emirates,2024-04-27
5701,United Arab Emirates,2023-08-07
5702,United Kingdom,2023-03-01
5703,United States,2025-09-17
5704,United Arab Emirates,2024-10-20
5705,Japan,2024-09-10
5706,United Arab Emirates,2024-07-03
5707,Germany,2024-10-07
5708,United Arab Emirates,2025-06-29
5709,United States,2023-08-09
5710,Japan,2025-03-25
5711,United Arab Emirates,2025-07-29
5712,Japan,2024-05-16
5713,United Kingdom,2023-05-13
5714,Japan,2025-04-25
5715,United States,2023-02-22
5716,United Kingdom,2024-03-25
5717,United Arab Emirates,2023-03-03
5718,United Kingdom,2023-01-23
5719,United Arab Emirates,2023-02-13
5720,United Arab Emirates,2025-03-30
5721,United Arab Emirates,2024-07-11
5722,United Kingdom,2024-10-20
5723,United States,2024-12-28
5724,United Arab Emirates,2025-05-01
5725,United Arab Emirates,2023-02-16
5726,United States,2025-05-08
5727,United Arab Emirates,2025-03-30
5728,United Arab Emirates,2023-01-24
5729,United Arab Emirates,2024-10-18
5730,Japan,2023-03-30
5731,Germany,2023-06-23
5732,United Kingdom,2024-07-29
5733,United States,2023-04-29
5734,United States,2025-01-04
5735,United States,2024-10-29
5736,United States,2023-06-27
5737,United States,2025-04-11
5738,United Arab Emirates,2025-07-12
5739,United Arab Emirates,2023-12-08
5740,United Kingdom,2024-07-21
5741,Germany,2023-02-28
5742,United States,2025-06-19
5743,Germany,2024-03-13
5744,Japan,2024-03-03
5745,United Arab Emirates,2024-03-01
5746,United States,2025-08-25
5747,United States,2024-01-16
5748,Japan,2024-04-30
5749,Japan,2025-01-01
5750,United States,2023-07-04
5751,United Arab Emirates,2024-07-12
5752,United States,2024-04-04
5753,United Arab Emirates,2025-06-07
5754,United States,2025-07-09
5755,Japan,2023-04-12
5756,United Kingdom,2024-07-09
5757,United States,2023-01-15
5758,United Kingdom,2025-01-17
5759,United Kingdom,2025-05-22
5760,United Kingdom,2023-02-20
5761,United States,2023-11-05
5762,Japan,2023-02-03
5763,Japan,2024-09-27
5764,United Arab Emirates,2024-08-11
5765,Germany,2025-06-22
5766,United States,2024-09-26
5767,United Arab Emirates,2023-07-24
5768,United Arab Emirates,2025-01-09
5769,United Arab Emirates,2023-03-11
5770,Japan,2023-08-18
5771,United States,2024-04-24
5772,United States,2024-06-16
5773,United Arab Emirates,2023-04-18
5774,United States,2025-05-25
5775,United Arab Emirates,2023-08-29
5776,United Kingdom,2023-09-08
5777,United States,2023-05-15
5778,United Arab Emirates,2023-03-31
5779,Germany,2024-08-13
5780,United Arab Emirates,2024-03-15
5781,United States,2024-11-19
5782,United Kingdom,2023-10-25
5783,United States,2024-02-11
5784,United Arab Emirates,2023-11-04
5785,United Arab Emirates,2023-04-12
5786,Japan,2023-12-27
5787,United Arab Emirates,2025-04-26
5788,Germany,2024-09-15
5789,Japan,2024-11-23
5790,United Arab Emirates,2024-09-07
5791,United Arab Emirates,2024-06-11
5792,United States,2024-08-30
5793,Japan,2023-10-20
5794,Japan,2023-05-26
5795,United States,2024-02-08
5796,United States,2025-03-24
5797,United Arab Emirates,2023-01-02
5798,Japan,2023-04-29
5799,Japan,2025-05-04
5800,United Arab Emirates,2024-08-28
5801,United Arab Emirates,2023-07-10
5802,United Arab Emirates,2023-01-03
5803,United Arab Emirates,2025-07-30
5804,Germany,2024-05-01
5805,United Kingdom,2024-09-14
5806,United Arab Emirates,2023-06-26
5807,United Kingdom,2023-09-14
5808,Japan,2025-05-22
5809,United States,2024-06-17
5810,United Kingdom,2024-04-21
5811,United Arab Emirates,2024-02-02
5812,Japan,2024-05-10
5813,Germany,2023-08-08
5814,United Arab Emirates,2025-09-07
5815,United Arab Emirates,2023-06-22
5816,United Arab Emirates,2025-01-05
5817,United Arab Emirates,2024-01-25
5818,United States,2024-05-16
5819,Japan,2024-07-30
5820,United Kingdom,2025-02-27
5821,Germany,2025-01-30
5822,United Kingdom,2023-09-17
5823,United States,2023-05-11
5824,United States,2023-04-23
5825,United Arab Emirates,2025-03-08
5826,United Kingdom,2025-03-09
5827,United States,2025-07-18
5828,United Arab Emirates,2024-12-23
5829,United Kingdom,2023-01-20
5830,United States,2023-08-03
5831,Japan,2023-11-06
5832,United Kingdom,2023-09-08
5833,Germany,2024-05-02
5834,United Kingdom,2024-01-17
5835,United States,2024-02-13
5836,United States,2023-09-28
5837,Germany,2025-07-22
5838,United Kingdom,2024-02-11
5839,United States,2024-11-22
5840,United States,2023-07-13
5841,United Kingdom,2024-03-16
5842,United Arab Emirates,2023-11-09
5843,United Arab Emirates,2023-03-20
5844,United Arab Emirates,2023-06-29
5845,Germany,2024-11-05
5846,United Arab Emirates,2024-12-14
5847,United Arab Emirates,2023-01-14
5848,United States,2025-05-08
5849,United Kingdom,2023-09-03
5850,United States,2023-01-14
5851,United Arab Emirates,2023-04-09
5852,Japan,2023-02-02
5853,Germany,2024-03-11
5854,Germany,2023-09-14
5855,United Kingdom,2023-02-03
5856,United States,2023-01-19
5857,United Arab Emirates,2024-10-25
5858,United Arab Emirates,2023-09-17
5859,United Arab Emirates,2024-11-06
5860,United States,2024-08-11
5861,United Kingdom,2025-04-05
5862,United States,2024-02-20
5863,United Arab Emirates,2023-05-17
5864,United Kingdom,2023-12-25
5865,United States,2024-12-20
5866,United Kingdom,2025-01-23
5867,United States,2024-08-01
5868,United Arab Emirates,2023-04-26
5869,Germany,2024-02-08
5870,United States,2023-07-21
5871,United Arab Emirates,2024-01-11
5872,United Arab Emirates,2023-09-07
5873,United States,2024-03-21
5874,Germany,2025-08-11
5875,United Kingdom,2023-10-05
5876,United Arab Emirates,2023-04-22
5877,Germany,2025-08-20
5878,United States,2025-04-22
5879,United Kingdom,2024-04-17
5880,United Kingdom,2025-01-15
5881,United Arab Emirates,2024-11-18
5882,United States,2024-01-27
5883,United Kingdom,2025-08-26
5884,Japan,2023-05-23
5885,United Kingdom,2023-02-01
5886,United Kingdom,2023-06-30
5887,United States,2024-08-01
5888,Japan,2024-05-30
5889,Germany,2025-03-08
5890,United Kingdom,2023-09-26
5891,United States,2023-08-24
5892,United States,2023-10-04
5893,United Kingdom,2024-07-06
5894,United Arab Emirates,2024-09-24
5895,United Kingdom,2023-10-02
5896,United Arab Emirates,2025-01-12
5897,Japan,2025-03-26
5898,United Kingdom,2023-03-27
5899,Japan,2023-03-04
5900,United States,2024-02-08
5901,United States,2023-07-11
5902,United States,2023-10-20
5903,United Arab Emirates,2023-01-31
5904,United Kingdom,2023-11-26
5905,United Arab Emirates,2024-10-19
5906,United States,2023-04-17
5907,United Kingdom,2025-05-20
5908,United States,2024-09-13
5909,United Arab Emirates,2023-10-03
5910,United Arab Emirates,2024-12-22
5911,United Kingdom,2024-10-12
5912,Japan,2024-08-20
5913,United States,2024-07-09
5914,United Kingdom,2023-03-23
5915,United States,2023-03-05
5916,United Arab Emirates,2025-06-08
5917,Japan,2025-07-18
5918,United States,2025-05-04
5919,United Arab Emirates,2025-04-12
5920,United States,2024-07-20
5921,United Arab Emirates,2024-08-08
5922,Japan,2025-06-03
5923,United Arab Emirates,2023-05-09
5924,United States,2023-09-13
5925,United Arab Emirates,2025-07-22
5926,United States,2023-08-19
5927,United States,2024-05-11
5928,United States,2023-05-17
5929,United States,2025-05-12
5930,Germany,2024-03-30
5931,United Arab Emirates,2025-07-01
5932,United Kingdom,2023-12-21
5933,United Arab Emirates,2024-09-15
5934,Japan,2024-04-29
5935,United Kingdom,2025-03-30
5936,United States,2023-05-26
5937,United States,2025-08-16
5938,United Arab Emirates,2023-02-02
5939,United Arab Emirates,2023-09-17
5940,United Arab Emirates,2023-03-28
5941,United Kingdom,2025-04-22
5942,United Arab Emirates,2025-08-05
5943,United Arab Emirates,2023-09-22
5944,Germany,2025-04-11
5945,Japan,2024-06-25
5946,United Kingdom,2024-01-27
5947,United Kingdom,2023-08-20
5948,United Arab Emirates,2025-06-19
5949,United States,2024-08-10
5950,Germany,2024-03-22
5951,United Arab Emirates,2023-05-09
5952,United Arab Emirates,2023-09-28
5953,United States,2023-03-30
5954,United States,2024-04-10
5955,United Arab Emirates,2025-07-22
5956,United States,2023-06-19
5957,United Kingdom,2023-05-08
5958,United Kingdom,2023-06-23
5959,United States,2025-08-06
5960,Germany,2023-01-26
5961,United Kingdom,2024-07-26
5962,Japan,2024-05-25
5963,United Kingdom,2024-05-02
5964,United States,2025-06-09
5965,United Kingdom,2024-08-01
5966,Germany,2025-08-07
5967,Japan,2024-02-10
5968,United Arab Emirates,2023-01-26
5969,Japan,2023-03-24
5970,Germany,2023-12-30
5971,United States,2024-01-02
5972,United Arab Emirates,2023-03-01
5973,Germany,2024-07-04
5974,Germany,2024-09-26
5975,United Arab Emirates,2023-10-19
5976,Japan,2025-02-27
5977,United Arab Emirates,2025-07-25
5978,United Arab Emirates,2025-06-04
5979,United States,2025-03-26
5980,United States,2025-03-04
5981,United States,2023-07-10
5982,United Arab Emirates,2024-04-05
5983,Japan,2025-03-14
5984,United Arab Emirates,2024-10-25
5985,United Arab Emirates,2025-06-14
5986,United Arab Emirates,2023-08-21
5987,United States,2024-04-18
5988,Japan,2024-02-09
5989,United States,2024-10-19
5990,Germany,2023-09-28
5991,United Arab Emirates,2025-04-26
5992,United States,2023-05-14
5993,United Kingdom,2023-06-20
5994,United Kingdom,2024-02-19
5995,United Arab Emirates,2023-01-28
5996,United States,2023-05-16
5997,United States,2025-07-13
5998,United States,2024-02-09
5999,United Kingdom,2025-09-03
6000,United Arab Emirates,2025-06-06
6001,United States,2024-05-19
6002,United Arab Emirates,2023-08-29
6003,Germany,2025-05-05
6004,United States,2025-08-11
6005,United Arab Emirates,2024-03-19
6006,Japan,2024-03-09
6007,United States,2023-08-16
6008,United Arab Emirates,2024-05-23
6009,United States,2025-03-09
6010,United Arab Emirates,2023-10-30
6011,Germany,2023-02-03
6012,Germany,2023-01-02
6013,Japan,2023-12-28
6014,United States,2023-07-14
6015,United Kingdom,2024-08-28
6016,United States,2025-04-19
6017,United Arab Emirates,2023-11-04
6018,United States,2024-10-08
6019,United States,2024-12-16
6020,United Arab Emirates,2023-09-07
6021,United Kingdom,2023-05-27
6022,Germany,2023-12-12
6023,Germany,2023-12-14
6024,United Arab Emirates,2023-09-11
6025,United Arab Emirates,2024-02-03
6026,United Arab Emirates,2023-11-30
6027,Germany,2023-06-25
6028,United Arab Emirates,2023-05-05
6029,United States,2025-02-01
6030,United Arab Emirates,2024-02-02
6031,United States,2023-05-11
6032,United Kingdom,2024-07-15
6033,United States,2024-08-27
6034,United Arab Emirates,2025-06-10
6035,United States,2025-04-01
6036,United Arab Emirates,2025-06-20
6037,United States,2025-08-02
6038,Germany,2024-02-11
6039,United Arab Emirates,2025-01-01
6040,Germany,2025-04-25
6041,United States,2023-11-30
6042,United Arab Emirates,2023-01-20
6043,United Kingdom,2023-07-24
6044,United Arab Emirates,2024-08-25
6045,United States,2025-08-13
6046,United States,2023-12-21
6047,United Arab Emirates,2023-06-22
6048,United States,2023-07-08
6049,Germany,2025-04-03
6050,Japan,2023-01-02
6051,United States,2025-05-22
6052,Japan,2025-07-29
6053,United States,2023-06-17
6054,United Kingdom,2024-01-03
6055,Germany,2024-06-19
6056,United Kingdom,2025-07-13
6057,United Kingdom,2025-08-20
6058,United Kingdom,2025-05-26
6059,Germany,2024-08-02
6060,Germany,2024-01-05
6061,United Kingdom,2024-12-06
6062,United Kingdom,2024-08-18
6063,United Kingdom,2025-08-07
6064,United States,2024-03-12
6065,United Arab Emirates,2023-07-26
6066,United States,2023-02-18
6067,United Kingdom,2024-06-27
6068,United Kingdom,2025-04-08
6069,United Arab Emirates,2024-11-12
6070,United Arab Emirates,2023-05-09
6071,Japan,2024-03-22
6072,United Kingdom,2024-09-05
6073,United Arab Emirates,2023-02-04
6074,United Kingdom,2025-03-29
6075,United Kingdom,2023-07-18
6076,United Arab Emirates,2025-03-23
6077,United Kingdom,2023-03-18
6078,United States,2024-01-04
6079,United States,2025-04-12
6080,United Kingdom,2024-06-09
6081,United Kingdom,2023-12-15
6082,Japan,2024-05-20
6083,United Kingdom,2024-10-04
6084,United Arab Emirates,2023-08-26
6085,United Arab Emirates,2023-10-07
6086,United Kingdom,2024-07-30
6087,United States,2024-03-07
6088,United Arab Emirates,2023-05-18
6089,United States,2023-09-26
6090,United Arab Emirates,2025-01-09
6091,United Kingdom,2023-07-20
6092,United States,2023-05-22
6093,United Kingdom,2024-09-03
6094,United States,2024-10-11
6095,United Arab Emirates,2024-11-10
6096,United States,2025-07-07
6097,United Arab Emirates,2024-09-02
6098,Germany,2025-04-02
6099,United Arab Emirates,2025-04-10
6100,Germany,2025-04-18
6101,United Kingdom,2025-07-26
6102,United States,2023-12-21
6103,United Kingdom,2024-07-31
6104,Japan,2025-04-26
6105,United Arab Emirates,2023-11-25
6106,United Arab Emirates,2024-07-12
6107,United Kingdom,2025-04-28
6108,United Arab Emirates,2025-06-12
6109,United Arab Emirates,2023-08-19
6110,Japan,2023-11-04
6111,Japan,2024-10-19
6112,United Kingdom,2024-12-19
6113,Japan,2023-05-26
6114,United States,2023-06-01
6115,United Arab Emirates,2025-03-01
6116,United States,2023-05-20
6117,United States,2024-10-24
6118,Japan,2023-01-21
6119,United Arab Emirates,2023-09-11
6120,United States,2023-03-05
6121,United Arab Emirates,2023-08-06
6122,United Arab Emirates,2023-03-13
6123,United Arab Emirates,2025-09-16
6124,Japan,2023-06-11
6125,Germany,2023-05-10
6126,United States,2024-08-03
6127,United States,2025-07-15
6128,United Kingdom,2023-08-13
6129,United Arab Emirates,2025-01-27
6130,United Arab Emirates,2024-08-02
6131,United Kingdom,2024-03-29
6132,United States,2025-09-09
6133,United States,2025-07-03
6134,United Arab Emirates,2024-01-19
6135,United Arab Emirates,2023-04-17
6136,United Arab Emirates,2024-09-12
6137,United Kingdom,2025-04-19
6138,Japan,2023-04-13
6139,United States,2023-05-21
6140,Germany,2024-07-30
6141,United Kingdom,2023-05-14
6142,United Kingdom,2023-07-18
6143,United Arab Emirates,2025-05-29
6144,Germany,2024-05-24
6145,United States,2024-10-28
6146,United Arab Emirates,2023-03-20
6147,United States,2025-08-05
6148,United Kingdom,2025-06-12
6149,United States,2024-04-26
6150,Japan,2024-05-26
6151,United States,2023-09-07
6152,United States,2025-06-07
6153,United Arab Emirates,2024-08-21
6154,United Arab Emirates,2025-03-26
6155,United Arab Emirates,2025-01-22
6156,United Arab Emirates,2024-08-22
6157,United States,2025-09-01
6158,United States,2024-04-27
6159,United Arab Emirates,2025-04-15
6160,Germany,2023-06-21
6161,United Arab Emirates,2025-05-18
6162,United Kingdom,2023-01-17
6163,United Arab Emirates,2025-01-04
6164,United Kingdom,2023-10-21
6165,United Arab Emirates,2024-01-29
6166,United Kingdom,2025-04-01
6167,United Kingdom,2024-05-12
6168,Japan,2023-08-07
6169,United Arab Emirates,2023-08-22
6170,United Arab Emirates,2024-01-25
6171,United Arab Emirates,2023-09-05
6172,United States,2025-06-20
6173,United Arab Emirates,2023-02-21
6174,Germany,2023-01-15
6175,United States,2023-11-20
6176,United States,2024-03-16
6177,United States,2023-04-22
6178,United Arab Emirates,2024-11-26
6179,United Arab Emirates,2025-05-21
6180,United Kingdom,2023-01-07
6181,United States,2024-07-16
6182,United Arab Emirates,2025-04-05
6183,United Arab Emirates,2025-01-22
6184,Japan,2023-09-02
6185,United Arab Emirates,2024-03-23
6186,Germany,2023-12-31
6187,United States,2024-01-02
6188,United Arab Emirates,2025-07-10
6189,United Arab Emirates,2024-11-28
6190,United Arab Emirates,2023-10-14
6191,United States,2025-08-19
6192,United States,2024-08-26
6193,United States,2023-04-16
6194,Japan,2023-01-13
6195,United States,2023-05-26
6196,United Arab Emirates,2024-04-22
6197,United Arab Emirates,2024-09-22
6198,Germany,2024-12-15
6199,United Arab Emirates,2024-10-14
6200,United Arab Emirates,2023-04-25
6201,United States,2024-05-23
6202,United Kingdom,2023-06-01
6203,Japan,2023-02-26
6204,United States,2024-01-17
6205,United Arab Emirates,2023-06-06
6206,Japan,2025-08-09
6207,United Arab Emirates,2025-04-01
6208,United Kingdom,2023-05-13
6209,United Kingdom,2023-06-12
6210,United Arab Emirates,2023-10-02
6211,United Kingdom,2024-11-25
6212,United Arab Emirates,2023-03-18
6213,United Kingdom,2025-04-16
6214,United Kingdom,2023-02-13
6215,United States,2024-12-18
6216,Germany,2024-07-03
6217,United Arab Emirates,2023-11-14
6218,United Kingdom,2024-06-17
6219,United Kingdom,2024-08-07
6220,United Arab Emirates,2025-01-22
6221,United States,2025-07-24
6222,United States,2023-06-03
6223,United Arab Emirates,2023-08-25
6224,United Kingdom,2025-06-11
6225,United Arab Emirates,2024-05-31
6226,United States,2023-08-09
6227,United Arab Emirates,2023-11-06
6228,Japan,2024-08-20
6229,United States,2023-06-26
6230,United Kingdom,2025-02-09
6231,United States,2023-08-08
6232,Japan,2023-02-07
6233,United States,2024-10-15
6234,United Arab Emirates,2024-03-06
6235,United Kingdom,2025-06-28
6236,Germany,2025-01-16
6237,United States,2023-07-22
6238,United States,2025-04-20
6239,Germany,2025-03-16
6240,Germany,2024-03-23
6241,Japan,2024-05-09
6242,United Arab Emirates,2024-11-14
6243,United States,2023-05-05
6244,United States,2025-04-17
6245,United States,2023-03-06
6246,United States,2025-03-03
6247,United Arab Emirates,2025-02-22
6248,United States,2023-09-01
6249,United States,2024-06-10
6250,United Arab Emirates,2023-08-14
6251,United Kingdom,2024-04-09
6252,United Arab Emirates,2024-10-04
6253,United Kingdom,2024-12-07
6254,United Arab Emirates,2023-10-20
6255,United Kingdom,2024-12-21
6256,United States,2025-08-08
6257,United States,2024-01-16
6258,United States,2024-09-16
6259,Germany,2025-01-25
6260,United Arab Emirates,2023-06-15
6261,United Arab Emirates,2024-12-03
6262,Germany,2025-02-07
6263,United Arab Emirates,2025-04-18
6264,Japan,2023-08-06
6265,Germany,2025-05-20
6266,United States,2023-10-02
6267,Japan,2023-02-21
6268,United Arab Emirates,2024-01-09
6269,United Kingdom,2024-10-31
6270,United States,2023-12-29
6271,United Kingdom,2024-07-20
6272,Japan,2023-01-14
6273,United Arab Emirates,2025-02-19
6274,United States,2023-12-06
6275,United States,2024-08-24
6276,United States,2024-06-22
6277,United Arab Emirates,2023-03-30
6278,United Kingdom,2025-06-23
6279,Germany,2023-02-10
6280,United Arab Emirates,2023-10-31
6281,Germany,2023-09-25
6282,United States,2023-05-18
6283,United States,2023-01-06
6284,United States,2023-08-30
6285,United Arab Emirates,2023-06-11
6286,United States,2024-11-22
6287,Germany,2025-03-19
6288,United Kingdom,2025-09-05
6289,Japan,2024-06-01
6290,United Kingdom,2025-06-16
6291,United Arab Emirates,2025-02-21
6292,United Kingdom,2024-02-05
6293,Japan,2025-02-22
6294,United Kingdom,2023-06-05
6295,Germany,2023-03-26
6296,Germany,2024-12-12
6297,United Kingdom,2023-01-10
6298,United Arab Emirates,2023-05-18
6299,United States,2025-01-23
6300,United Kingdom,2025-06-24
6301,United States,2024-12-13
6302,United Kingdom,2023-06-05
6303,United Kingdom,2024-02-12
6304,United States,2025-02-25
6305,United Kingdom,2023-08-13
6306,United Kingdom,2024-08-02
6307,United Kingdom,2023-07-03
6308,United Kingdom,2023-07-14
6309,United States,2024-07-07
6310,Germany,2024-01-31
6311,United Kingdom,2025-07-02
6312,United States,2024-10-24
6313,United States,2024-08-18
6314,United Arab Emirates,2023-05-14
6315,United Arab Emirates,2023-11-05
6316,Japan,2025-05-15
6317,United States,2025-03-20
6318,United States,2025-08-19
6319,United States,2024-06-25
6320,United Arab Emirates,2023-01-09
6321,United States,2025-09-13
6322,United States,2023-06-19
6323,United States,2023-10-17
6324,United Kingdom,2023-06-17
6325,United Arab Emirates,2023-12-10
6326,United Arab Emirates,2024-05-11
6327,Japan,2023-05-25
6328,United Kingdom,2024-02-17
6329,United Kingdom,2025-01-09
6330,United Arab Emirates,2025-03-28
6331,United Arab Emirates,2024-08-10
6332,United States,2025-01-04
6333,United States,2024-11-19
6334,United States,2024-04-01
6335,United Arab Emirates,2024-12-01
6336,United States,2025-09-05
6337,United Arab Emirates,2023-10-29
6338,United Arab Emirates,2023-02-15
6339,United Kingdom,2025-06-12
6340,United Arab Emirates,2023-01-17
6341,United Arab Emirates,2024-07-31
6342,United States,2023-12-26
6343,United States,2023-09-18
6344,Germany,2023-05-03
6345,United Kingdom,2023-08-19
6346,United Arab Emirates,2025-08-07
6347,United Arab Emirates,2024-09-28
6348,Japan,2023-04-22
6349,United States,2025-02-22
6350,United States,2024-08-15
6351,United Arab Emirates,2023-09-03
6352,United States,2025-05-08
6353,United Arab Emirates,2024-01-26
6354,United States,2024-01-27
6355,Japan,2023-11-24
6356,Japan,2023-08-03
6357,United States,2025-05-13
6358,United Kingdom,2025-01-16
6359,Japan,2024-01-02
6360,United States,2023-03-23
6361,United Arab Emirates,2025-03-16
6362,United Kingdom,2025-04-01
6363,United Arab Emirates,2023-03-17
6364,United Kingdom,2024-06-10
6365,United Kingdom,2025-01-01
6366,United States,2024-05-17
6367,United Kingdom,2025-01-11
6368,United Arab Emirates,2025-08-03
6369,United States,2025-08-09
6370,Germany,2024-04-23
6371,United States,2024-01-07
6372,United Kingdom,2023-09-22
6373,Japan,2023-09-21
6374,Japan,2023-04-20
6375,United Arab Emirates,2025-07-03
6376,United Arab Emirates,2023-11-03
6377,United States,2023-07-19
6378,Germany,2023-08-14
6379,Japan,2023-07-04
6380,Germany,2025-08-21
6381,United States,2023-01-31
6382,United States,2024-09-05
6383,United Arab Emirates,2025-02-09
6384,United Arab Emirates,2023-04-09
6385,United Kingdom,2023-12-05
6386,United States,2025-03-21
6387,United States,2025-03-07
6388,United States,2023-09-23
6389,United Arab Emirates,2024-10-13
6390,United States,2025-03-24
6391,United Arab Emirates,2025-03-08
6392,United Kingdom,2023-12-16
6393,United States,2025-09-04
6394,United States,2024-12-28
6395,Japan,2024-06-27
6396,United Arab Emirates,2024-04-01
6397,United Kingdom,2025-03-25
6398,United Kingdom,2023-03-29
6399,United Kingdom,2023-03-04
6400,Germany,2025-07-10
6401,United States,2024-01-22
6402,Germany,2025-03-01
6403,United Arab Emirates,2024-04-03
6404,Germany,2024-08-08
6405,United Arab Emirates,2025-03-28
6406,Germany,2025-07-20
6407,United Kingdom,2024-09-27
6408,United Kingdom,2023-09-26
6409,United States,2025-06-12
6410,Japan,2025-03-07
6411,United Arab Emirates,2025-07-22
6412,United Kingdom,2025-08-30
6413,Germany,2024-09-24
6414,United Kingdom,2023-12-12
6415,United Arab Emirates,2024-12-24
6416,United Kingdom,2025-06-19
6417,United Kingdom,2024-10-21
6418,Japan,2023-03-19
6419,United States,2023-12-31
6420,United States,2023-01-14
6421,Japan,2023-05-16
6422,United Kingdom,2023-10-31
6423,United Arab Emirates,2024-02-01
6424,United Arab Emirates,2025-03-02
6425,United Kingdom,2023-03-20
6426,United Arab Emirates,2025-01-24
6427,Japan,2024-12-05
6428,United States,2025-09-08
6429,United Arab Emirates,2024-02-22
6430,United States,2023-08-30
6431,United States,2023-02-20
6432,Japan,2025-01-13
6433,Germany,2025-02-09
6434,United States,2024-01-19
6435,United States,2024-01-10
6436,United States,2024-12-30
6437,United States,2023-07-25
6438,United Arab Emirates,2025-04-05
6439,United Arab Emirates,2024-05-03
6440,United States,2024-01-16
6441,United Arab Emirates,2025-08-25
6442,United Arab Emirates,2025-05-30
6443,United States,2023-11-07
6444,United Arab Emirates,2024-01-10
6445,United States,2024-09-23
6446,United States,2024-08-14
6447,Japan,2023-02-11
6448,United Kingdom,2024-06-16
6449,United Arab Emirates,2024-06-05
6450,United States,2025-04-04
6451,Germany,2023-06-02
6452,Japan,2023-11-08
6453,United Kingdom,2023-10-21
6454,United Kingdom,2024-08-20
6455,Japan,2023-04-23
6456,United Arab Emirates,2024-12-01
6457,United States,2023-04-22
6458,United Kingdom,2023-06-24
6459,United Arab Emirates,2025-04-01
6460,United Kingdom,2023-10-29
6461,United Arab Emirates,2025-08-21
6462,United States,2024-05-30
6463,Japan,2025-01-03
6464,United Arab Emirates,2025-08-19
6465,Germany,2023-08-09
6466,United Arab Emirates,2023-06-20
6467,United States,2023-11-14
6468,United Arab Emirates,2025-09-22
6469,Japan,2023-08-01
6470,United States,2023-09-10
6471,United States,2023-05-04
6472,Germany,2024-10-01
6473,United States,2023-08-01
6474,Japan,2024-09-15
6475,United States,2023-03-26
6476,Japan,2024-05-30
6477,United States,2023-03-06
6478,United Arab Emirates,2023-11-14
6479,United States,2023-12-12
6480,United Arab Emirates,2024-09-23
6481,United States,2023-08-31
6482,United Kingdom,2025-06-16
6483,United States,2023-05-17
6484,United Arab Emirates,2023-09-04
6485,United Arab Emirates,2024-03-16
6486,United Kingdom,2023-02-14
6487,Japan,2024-10-19
6488,United Kingdom,2025-05-29
6489,United Kingdom,2024-11-18
6490,United States,2024-07-07
6491,United States,2025-03-19
6492,United Arab Emirates,2025-08-28
6493,United Kingdom,2023-03-30
6494,United Arab Emirates,2024-12-30
6495,Japan,2025-08-11
6496,United Arab Emirates,2023-08-16
6497,United Kingdom,2025-03-20
6498,United Arab Emirates,2023-10-18
6499,United Arab Emirates,2024-02-26
6500,United States,2023-03-08
6501,United Arab Emirates,2023-09-08
6502,United Arab Emirates,2023-02-10
6503,United Kingdom,2023-04-09
6504,United Arab Emirates,2023-11-02
6505,United Arab Emirates,2025-05-21
6506,Germany,2025-05-03
6507,United States,2024-03-31
6508,Japan,2024-08-13
6509,Germany,2023-10-28
6510,United States,2023-07-18
6511,United Arab Emirates,2024-10-20
6512,United States,2024-05-02
6513,Germany,2023-04-16
6514,United States,2024-02-05
6515,United States,2024-12-05
6516,United Arab Emirates,2024-04-21
6517,Germany,2023-05-02
6518,United States,2023-03-18
6519,Japan,2023-11-08
6520,United Arab Emirates,2023-04-22
6521,United Arab Emirates,2025-05-10
6522,United Arab Emirates,2025-03-19
6523,United States,2024-11-12
6524,United Arab Emirates,2024-06-01
6525,United Arab Emirates,2023-07-16
6526,Japan,2023-04-08
6527,United Arab Emirates,2024-04-03
6528,Germany,2025-04-20
6529,United Kingdom,2023-08-18
6530,Germany,2023-06-17
6531,United States,2025-03-19
6532,Japan,2025-02-15
6533,Japan,2023-01-08
6534,United Arab Emirates,2023-06-21
6535,United Arab Emirates,2025-08-11
6536,United Arab Emirates,2023-12-26
6537,United States,2023-07-14
6538,Germany,2023-09-26
6539,United Kingdom,2023-01-19
6540,United States,2023-12-20
6541,United Arab Emirates,2025-05-13
6542,Germany,2023-02-18
6543,Japan,2024-04-08
6544,United Arab Emirates,2023-12-22
6545,United Kingdom,2025-04-29
6546,United Arab Emirates,2025-08-31
6547,United States,2023-06-07
6548,United States,2023-03-07
6549,United Arab Emirates,2025-08-30
6550,United Kingdom,2025-05-08
6551,United Kingdom,2024-07-24
6552,United States,2025-03-31
6553,United States,2023-11-04
6554,United Arab Emirates,2023-12-03
6555,United States,2024-11-01
6556,United States,2025-02-21
6557,United Kingdom,2023-05-01
6558,United Arab Emirates,2025-02-04
6559,United States,2024-02-08
6560,Japan,2025-02-11
6561,United Arab Emirates,2024-10-08
6562,United Kingdom,2025-02-24
6563,United Arab Emirates,2024-07-21
6564,United States,2025-04-22
6565,United Arab Emirates,2023-04-06
6566,United Kingdom,2023-04-24
6567,United States,2025-09-13
6568,United States,2025-09-12
6569,United Kingdom,2025-05-18
6570,United Kingdom,2024-03-04
6571,United States,2024-06-23
6572,United Arab Emirates,2025-03-28
6573,United Arab Emirates,2023-01-02
6574,Germany,2023-07-31
6575,United Arab Emirates,2024-08-02
6576,United States,2024-10-01
6577,Japan,2023-11-29
6578,United Arab Emirates,2023-01-24
6579,United Kingdom,2025-02-03
6580,United States,2024-01-03
6581,Germany,2025-01-11
6582,Japan,2024-05-20
6583,United States,2025-09-26
6584,United Arab Emirates,2023-06-25
6585,United States,2024-03-04
6586,United Kingdom,2025-06-05
6587,United Kingdom,2025-01-02
6588,United Arab Emirates,2024-03-17
6589,United Arab Emirates,2024-07-01
6590,United States,2024-05-28
6591,United Kingdom,2025-06-13
6592,United Kingdom,2023-12-27
6593,United Kingdom,2023-10-01
6594,Germany,2023-06-26
6595,United States,2023-09-21
6596,United Arab Emirates,2023-07-05
6597,United Arab Emirates,2024-06-10
6598,United Arab Emirates,2025-07-01
6599,Japan,2023-10-06
6600,United States,2024-12-06
6601,United States,2023-07-17
6602,United States,2023-12-15
6603,United Kingdom,2025-07-11
6604,Germany,2024-02-25
6605,United States,2023-11-01
6606,United Arab Emirates,2023-03-05
6607,United Arab Emirates,2023-10-17
6608,United States,2023-01-18
6609,Japan,2023-03-05
6610,United Kingdom,2025-05-23
6611,Germany,2023-11-26
6612,United States,2025-05-19
6613,United Arab Emirates,2025-02-01
6614,United Arab Emirates,2025-07-28
6615,United Arab Emirates,2023-01-17
6616,United States,2024-03-18
6617,United Arab Emirates,2023-05-21
6618,United Kingdom,2023-11-04
6619,United States,2024-03-19
6620,United States,2024-05-10
6621,United Arab Emirates,2024-03-01
6622,United Kingdom,2024-04-19
6623,United Kingdom,2025-04-11
6624,United States,2023-09-02
6625,Germany,2024-03-25
6626,United Arab Emirates,2025-03-12
6627,Germany,2023-12-17
6628,United States,2024-08-21
6629,United States,2024-12-11
6630,United States,2025-05-19
6631,United Kingdom,2025-08-17
6632,United Arab Emirates,2023-06-10
6633,United States,2023-05-20
6634,United States,2024-05-07
6635,United States,2024-08-10
6636,United Kingdom,2024-06-14
6637,Japan,2024-01-28
6638,United States,2025-04-21
6639,United Arab Emirates,2024-02-05
6640,United Kingdom,2023-02-19
6641,United States,2025-01-13
6642,United States,2023-10-22
6643,United Kingdom,2024-02-29
6644,Germany,2025-06-24
6645,United Arab Emirates,2023-01-12
6646,United Kingdom,2023-12-01
6647,Germany,2025-09-17
6648,Germany,2023-01-15
6649,United States,2023-01-28
6650,Germany,2024-01-23
6651,United Arab Emirates,2023-10-19
6652,Germany,2025-06-05
6653,United Kingdom,2025-04-12
6654,United Arab Emirates,2023-09-07
6655,United Arab Emirates,2024-05-19
6656,United Kingdom,2023-04-08
6657,United Arab Emirates,2025-03-25
6658,United Kingdom,2023-12-03
6659,United Arab Emirates,2023-02-08
6660,United Arab Emirates,2023-02-07
6661,United States,2023-10-27
6662,United Kingdom,2023-06-28
6663,United Kingdom,2024-08-31
6664,United States,2025-06-10
6665,Germany,2024-04-13
6666,United States,2023-10-09
6667,United Kingdom,2025-01-19
6668,United States,2023-06-13
6669,United Arab Emirates,2024-03-28
6670,United Arab Emirates,2023-04-07
6671,United Kingdom,2025-02-07
6672,Germany,2023-11-05
6673,United Arab Emirates,2023-09-19
6674,United Arab Emirates,2023-10-20
6675,United Arab Emirates,2025-02-08
6676,Germany,2023-09-06
6677,United States,2023-09-02
6678,United Arab Emirates,2023-09-08
6679,United States,2023-05-03
6680,United States,2023-11-21
6681,United States,2025-09-12
6682,United Arab Emirates,2024-11-11
6683,Germany,2025-08-04
6684,United Kingdom,2024-05-15
6685,United States,2024-11-17
6686,United Arab Emirates,2025-02-19
6687,United Kingdom,2024-12-16
6688,United Kingdom,2025-04-16
6689,United States,2023-03-07
6690,United Arab Emirates,2025-04-06
6691,United States,2025-04-15
6692,United Arab Emirates,2023-02-28
6693,United States,2024-12-31
6694,Germany,2024-05-12
6695,United States,2024-01-08
6696,United States,2023-09-23
6697,United States,2024-10-14
6698,United Kingdom,2023-08-24
6699,Germany,2025-06-16
6700,United Arab Emirates,2023-08-06
6701,United States,2024-06-10
6702,United States,2025-03-24
6703,United Kingdom,2024-03-16
6704,United Kingdom,2024-10-11
6705,United Kingdom,2024-02-10
6706,Germany,2025-01-13
6707,Japan,2024-08-23
6708,United States,2025-09-01
6709,United States,2024-08-11
6710,Japan,2024-10-09
6711,United Arab Emirates,2025-07-05
6712,United Arab Emirates,2024-04-13
6713,United States,2025-07-06
6714,Germany,2023-04-20
6715,Germany,2023-12-19
6716,United Kingdom,2025-03-23
6717,United Arab Emirates,2023-04-01
6718,United Kingdom,2025-07-24
6719,United Arab Emirates,2025-05-31
6720,United Arab Emirates,2025-07-06
6721,United States,2024-02-18
6722,United Arab Emirates,2024-12-02
6723,Germany,2023-03-14
6724,United Kingdom,2024-11-15
6725,United States,2024-06-30
6726,United Arab Emirates,2024-12-22
6727,United Kingdom,2023-10-25
6728,United Arab Emirates,2024-10-06
6729,Japan,2023-10-10
6730,Germany,2024-05-19
6731,United Kingdom,2023-07-17
6732,United Arab Emirates,2025-08-15
6733,Japan,2023-02-01
6734,United Kingdom,2024-10-09
6735,United Arab Emirates,2025-01-29
6736,United States,2025-05-20
6737,Japan,2023-12-07
6738,United Arab Emirates,2024-10-19
6739,United Arab Emirates,2023-11-30
6740,Japan,2023-05-23
6741,United Arab Emirates,2025-01-15
6742,United Arab Emirates,2024-02-14
6743,United States,2025-08-06
6744,Germany,2023-02-13
6745,United Kingdom,2023-02-01
6746,Japan,2025-01-12
6747,United States,2023-01-28
6748,United Arab Emirates,2024-02-27
6749,Japan,2024-05-05
6750,United Kingdom,2023-06-09
6751,United Arab Emirates,2025-04-24
6752,United States,2023-07-26
6753,United Kingdom,2023-01-18
6754,United Arab Emirates,2023-04-13
6755,United Arab Emirates,2024-08-04
6756,United Kingdom,2024-09-22
6757,Germany,2024-10-12
6758,United States,2024-11-02
6759,Japan,2023-08-20
6760,United Arab Emirates,2024-10-21
6761,United Arab Emirates,2025-05-14
6762,United Arab Emirates,2024-02-28
6763,United Arab Emirates,2025-06-22
6764,United Arab Emirates,2025-01-24
6765,United States,2024-06-30
6766,Japan,2025-04-16
6767,Japan,2025-06-12
6768,United Arab Emirates,2025-05-16
6769,Germany,2023-08-27
6770,United Kingdom,2023-11-30
6771,United Arab Emirates,2023-05-29
6772,Germany,2024-09-14
6773,United States,2024-02-12
6774,United Arab Emirates,2023-01-17
6775,United Kingdom,2025-07-02
6776,United Arab Emirates,2023-08-14
6777,United States,2024-10-13
6778,United Kingdom,2024-10-17
6779,Japan,2023-09-17
6780,United Arab Emirates,2024-12-29
6781,United Kingdom,2024-11-04
6782,United Kingdom,2024-08-26
6783,United States,2023-06-23
6784,United Kingdom,2025-04-22
6785,United States,2023-07-24
6786,Germany,2024-02-19
6787,Japan,2024-05-22
6788,Germany,2023-06-02
6789,Germany,2023-04-13
6790,United States,2024-12-14
6791,Germany,2025-03-02
6792,United Kingdom,2023-03-06
6793,United Kingdom,2023-04-27
6794,United Kingdom,2024-10-26
6795,United Kingdom,2023-06-05
6796,United Arab Emirates,2024-11-06
6797,Japan,2023-03-23
6798,United Kingdom,2024-06-01
6799,United Arab Emirates,2025-04-13
6800,United States,2023-03-08
6801,United Arab Emirates,2023-08-26
6802,United Arab Emirates,2024-08-06
6803,United Arab Emirates,2024-08-29
6804,United Kingdom,2025-03-26
6805,United Kingdom,2025-09-05
6806,United States,2023-11-22
6807,United States,2024-08-12
6808,United Kingdom,2023-03-08
6809,United Kingdom,2023-06-25
6810,United Kingdom,2025-04-12
6811,United States,2024-11-14
6812,United Arab Emirates,2024-04-22
6813,United Arab Emirates,2023-09-12
6814,United States,2023-03-04
6815,United Kingdom,2025-03-24
6816,United Arab Emirates,2024-02-07
6817,United Arab Emirates,2025-01-27
6818,Japan,2023-07-11
6819,Germany,2025-09-05
6820,United States,2023-11-25
6821,United Kingdom,2023-03-12
6822,United States,2025-05-27
6823,Japan,2025-01-10
6824,Japan,2025-08-03
6825,United Arab Emirates,2023-03-04
6826,Germany,2023-10-24
6827,United Arab Emirates,2023-09-02
6828,United Arab Emirates,2024-06-02
6829,United States,2024-01-28
6830,United Kingdom,2025-02-10
6831,Japan,2024-08-23
6832,United Arab Emirates,2023-06-26
6833,United States,2023-07-23
6834,Japan,2024-10-07
6835,Japan,2024-08-16
6836,United Arab Emirates,2025-09-26
6837,United Kingdom,2024-06-16
6838,United States,2025-06-29
6839,United Arab Emirates,2023-05-08
6840,Japan,2023-07-14
6841,Japan,2023-07-13
6842,United Arab Emirates,2023-07-03
6843,United Arab Emirates,2023-09-04
6844,United Arab Emirates,2025-05-22
6845,Japan,2025-05-21
6846,United Arab Emirates,2023-11-20
6847,United Kingdom,2023-06-09
6848,United Kingdom,2024-12-06
6849,United States,2024-09-13
6850,United Arab Emirates,2025-07-13
6851,United Arab Emirates,2023-03-07
6852,Japan,2025-07-18
6853,Japan,2023-09-11
6854,United States,2023-10-10
6855,United Arab Emirates,2023-03-01
6856,United Kingdom,2023-04-28
6857,United States,2024-02-27
6858,United Arab Emirates,2024-07-09
6859,Japan,2025-09-24
6860,United States,2024-12-22
6861,United Arab Emirates,2023-02-05
6862,Japan,2024-06-14
6863,Japan,2023-04-01
6864,United Arab Emirates,2023-10-28
6865,United States,2024-12-24
6866,United Kingdom,2025-07-05
6867,United Kingdom,2025-07-07
6868,United Arab Emirates,2025-01-03
6869,United States,2023-08-05
6870,Japan,2025-01-04
6871,United States,2025-07-11
6872,United Arab Emirates,2023-04-08
6873,United States,2024-03-31
6874,United Kingdom,2024-06-14
6875,Germany,2025-03-19
6876,United Kingdom,2024-06-21
6877,United Arab Emirates,2023-01-28
6878,United Arab Emirates,2024-07-29
6879,United States,2023-11-20
6880,United Arab Emirates,2023-08-11
6881,United States,2023-03-21
6882,United Arab Emirates,2024-07-16
6883,United Kingdom,2024-04-02
6884,United Kingdom,2024-09-05
6885,Japan,2023-06-25
6886,Japan,2024-06-05
6887,United Arab Emirates,2025-01-18
6888,United Kingdom,2024-04-01
6889,United Arab Emirates,2024-02-27
6890,United States,2023-04-10
6891,United Kingdom,2025-06-08
6892,Japan,2025-01-09
6893,Japan,2024-02-07
6894,United Kingdom,2024-07-29
6895,United Kingdom,2024-01-15
6896,Germany,2024-06-14
6897,Germany,2023-11-28
6898,United Arab Emirates,2023-11-14
6899,United Kingdom,2024-10-14
6900,United Kingdom,2024-06-20
6901,United Arab Emirates,2025-01-09
6902,United Arab Emirates,2023-03-30
6903,United Arab Emirates,2024-08-26
6904,United States,2024-05-25
6905,United Arab Emirates,2023-02-11
6906,United Arab Emirates,2025-06-03
6907,United Arab Emirates,2025-03-17
6908,Germany,2025-07-14
6909,Germany,2024-01-24
6910,United Kingdom,2023-03-22
6911,United Kingdom,2024-02-06
6912,Japan,2023-04-17
6913,United Arab Emirates,2023-04-21
6914,United Arab Emirates,2023-10-04
6915,United Arab Emirates,2023-08-02
6916,United Arab Emirates,2025-01-12
6917,United Kingdom,2025-03-28
6918,Japan,2024-05-20
6919,United States,2023-05-01
6920,United Kingdom,2023-05-14
6921,Japan,2025-03-28
6922,United Arab Emirates,2024-12-20
6923,United Arab Emirates,2025-08-19
6924,United States,2024-01-06
6925,United States,2023-09-14
6926,United Arab Emirates,2024-11-27
6927,United Kingdom,2025-03-08
6928,United States,2025-08-11
6929,United States,2025-05-24
6930,United States,2023-06-29
6931,United Kingdom,2025-07-21
6932,United Arab Emirates,2023-02-17
6933,United Kingdom,2024-08-21
6934,United Arab Emirates,2025-06-15
6935,Japan,2023-01-19
6936,United Kingdom,2023-02-15
6937,United Kingdom,2024-03-26
6938,United States,2025-06-16
6939,United Kingdom,2023-02-25
6940,United Kingdom,2025-01-10
6941,Germany,2024-10-18
6942,Germany,2023-04-02
6943,United States,2023-03-23
6944,United Arab Emirates,2025-01-06
6945,United States,2023-03-20
6946,United States,2024-10-23
6947,United Arab Emirates,2025-05-22
6948,United Arab Emirates,2023-10-10
6949,Germany,2023-11-07
6950,United Arab Emirates,2025-09-23
6951,United States,2023-06-09
6952,United Kingdom,2023-11-12
6953,United Kingdom,2025-05-26
6954,United Arab Emirates,2025-09-05
6955,Germany,2024-10-29
6956,United Kingdom,2023-06-05
6957,United States,2025-06-06
6958,United States,2024-12-14
6959,United States,2024-04-12
6960,Japan,2025-07-09
6961,United States,2025-05-02
6962,United Kingdom,2024-04-06
6963,Japan,2025-05-03
6964,United States,2023-04-27
6965,United Arab Emirates,2024-10-27
6966,United Arab Emirates,2023-12-30
6967,Germany,2025-04-22
6968,United Kingdom,2024-09-22
6969,United States,2024-12-11
6970,United Kingdom,2025-07-01
6971,United Arab Emirates,2024-04-10
6972,United States,2025-02-13
6973,United Arab Emirates,2023-07-03
6974,United Kingdom,2025-08-17
6975,United States,2024-10-21
6976,United Kingdom,2023-06-15
6977,United States,2023-03-16
6978,Germany,2025-01-17
6979,United States,2025-04-05
6980,United Arab Emirates,2023-09-29
6981,United Arab Emirates,2024-11-21
6982,United States,2024-05-17
6983,Japan,2025-03-05
6984,Germany,2024-07-16
6985,Germany,2024-08-09
6986,United Kingdom,2024-10-17
6987,United Kingdom,2023-12-09
6988,United Kingdom,2024-11-30
6989,United Arab Emirates,2024-09-26
6990,United Arab Emirates,2025-04-23
6991,Japan,2023-09-08
6992,United Arab Emirates,2025-03-18
6993,United Arab Emirates,2025-04-14
6994,United Arab Emirates,2023-05-10
6995,Japan,2025-02-02
6996,United States,2023-12-24
6997,United States,2025-08-01
6998,Japan,2024-11-22
6999,United Kingdom,2024-02-12
7000,United States,2025-05-10
7001,United Arab Emirates,2024-05-09
7002,United Arab Emirates,2024-09-13
7003,Germany,2024-04-26
7004,United States,2025-09-06
7005,United Kingdom,2025-04-29
7006,United Kingdom,2023-03-19
7007,United States,2025-09-04
7008,United Arab Emirates,2024-05-28
7009,United Arab Emirates,2023-11-17
7010,United Arab Emirates,2025-02-26
7011,United Arab Emirates,2023-10-17
7012,Germany,2023-10-24
7013,United Arab Emirates,2024-11-11
7014,United Arab Emirates,2025-01-21
7015,United States,2025-08-28
7016,Germany,2024-04-19
7017,United Arab Emirates,2023-01-23
7018,United Arab Emirates,2025-03-16
7019,United Kingdom,2023-06-21
7020,United States,2025-04-14
7021,United States,2023-11-14
7022,Germany,2025-06-26
7023,Japan,2025-03-08
7024,United States,2025-09-17
7025,United States,2025-05-04
7026,United Kingdom,2023-07-12
7027,United Arab Emirates,2024-11-11
7028,Japan,2025-07-04
7029,United Kingdom,2023-04-28
7030,United Arab Emirates,2023-01-06
7031,United States,2025-04-22
7032,United Arab Emirates,2024-04-27
7033,United States,2023-05-12
7034,United States,2023-04-03
7035,United Kingdom,2025-02-01
7036,Germany,2024-06-05
7037,United Arab Emirates,2024-07-16
7038,United Kingdom,2025-05-10
7039,United States,2023-10-21
7040,United States,2024-10-02
7041,United States,2025-09-26
7042,United Kingdom,2024-01-27
7043,United States,2023-09-06
7044,United Arab Emirates,2024-09-05
7045,Japan,2025-04-28
7046,United Kingdom,2024-08-17
7047,United States,2024-12-03
7048,United Arab Emirates,2024-02-21
7049,United Arab Emirates,2023-05-23
7050,United Kingdom,2023-08-25
7051,Germany,2023-10-14
7052,United States,2023-10-04
7053,Japan,2024-01-22
7054,United Kingdom,2024-01-17
7055,United Kingdom,2024-03-25
7056,United Arab Emirates,2023-10-18
7057,Germany,2023-06-18
7058,United Arab Emirates,2024-03-18
7059,Germany,2024-10-17
7060,Japan,2023-07-03
7061,Japan,2023-02-14
7062,United States,2025-01-24
7063,United States,2025-04-06
7064,United States,2025-08-03
7065,United Arab Emirates,2025-09-07
7066,United States,2023-09-25
7067,United Arab Emirates,2024-04-20
7068,United Kingdom,2023-09-10
7069,United Arab Emirates,2024-01-31
7070,United Arab Emirates,2023-10-16
7071,United Kingdom,2023-07-31
7072,United Kingdom,2025-09-26
7073,United States,2024-11-19
7074,United Arab Emirates,2023-01-21
7075,United States,2023-11-12
7076,United Arab Emirates,2024-07-17
7077,United States,2024-03-13
7078,United States,2024-02-27
7079,United States,2023-08-21
7080,United States,2025-08-02
7081,United Kingdom,2023-05-03
7082,United States,2025-05-23
7083,United Kingdom,2025-08-17
7084,United Kingdom,2024-09-03
7085,United States,2023-08-02
7086,United Arab Emirates,2025-07-10
7087,United States,2025-04-18
7088,United States,2024-10-08
7089,United Kingdom,2025-08-25
7090,United Arab Emirates,2025-04-09
7091,United Arab Emirates,2024-12-30
7092,Japan,2024-08-22
7093,United States,2025-03-02
7094,United Arab Emirates,2023-02-09
7095,United Kingdom,2025-01-21
7096,United States,2023-11-28
7097,Germany,2025-07-31
7098,United Arab Emirates,2024-10-09
7099,United Arab Emirates,2023-07-01
7100,Germany,2023-09-22
7101,United Arab Emirates,2025-02-09
7102,United Arab Emirates,2024-11-24
7103,Japan,2024-06-16
7104,United States,2025-05-12
7105,United Arab Emirates,2024-03-07
7106,United Arab Emirates,2025-07-31
7107,United Arab Emirates,2025-09-10
7108,United Arab Emirates,2023-07-15
7109,Germany,2024-12-24
7110,United Kingdom,2024-05-23
7111,United States,2024-03-22
7112,Japan,2024-06-11
7113,United Kingdom,2023-07-21
7114,United Arab Emirates,2025-05-24
7115,United States,2024-12-30
7116,Japan,2024-08-27
7117,Germany,2023-05-13
7118,United Arab Emirates,2023-05-19
7119,United States,2024-10-30
7120,United States,2024-05-07
7121,Japan,2025-04-26
7122,United Arab Emirates,2023-03-11
7123,United States,2025-03-26
7124,Germany,2023-01-15
7125,United Kingdom,2025-01-16
7126,United Kingdom,2023-07-31
7127,United Arab Emirates,2025-03-12
7128,United Arab Emirates,2023-03-01
7129,United Kingdom,2023-09-09
7130,Japan,2024-03-21
7131,United Arab Emirates,2023-01-02
7132,United Kingdom,2025-01-17
7133,United States,2023-12-02
7134,United Arab Emirates,2023-01-19
7135,United Kingdom,2025-09-20
7136,United States,2024-07-14
7137,Germany,2023-03-19
7138,United States,2024-04-16
7139,United States,2023-01-28
7140,United Arab Emirates,2024-07-13
7141,Japan,2024-08-30
7142,United Arab Emirates,2023-06-14
7143,United States,2024-04-02
7144,United Arab Emirates,2025-08-02
7145,Japan,2025-05-26
7146,United States,2023-06-25
7147,United States,2024-08-07
7148,United Arab Emirates,2025-09-10
7149,United Kingdom,2025-05-17
7150,United States,2023-01-29
7151,United States,2025-08-13
7152,United Arab Emirates,2024-10-30
7153,Japan,2025-04-05
7154,Germany,2025-03-26
7155,United Arab Emirates,2023-10-06
7156,Germany,2023-10-10
7157,United States,2024-04-23
7158,United Kingdom,2024-06-02
7159,United Kingdom,2023-11-01
7160,United States,2024-11-24
7161,United States,2023-04-19
7162,United Kingdom,2023-11-20
7163,United States,2023-07-25
7164,United States,2023-08-22
7165,United States,2025-07-26
7166,United Arab Emirates,2024-04-02
7167,Germany,2023-07-06
7168,United Kingdom,2025-07-28
7169,United Arab Emirates,2024-04-26
7170,United Arab Emirates,2025-07-10
7171,United Kingdom,2024-02-11
7172,Germany,2025-04-20
7173,United Kingdom,2024-05-23
7174,United States,2025-05-18
7175,United Arab Emirates,2024-06-03
7176,United Kingdom,2023-02-22
7177,Japan,2024-02-02
7178,United States,2023-07-18
7179,United Arab Emirates,2024-01-26
7180,United States,2024-10-10
7181,United Arab Emirates,2025-02-09
7182,United Kingdom,2025-04-25
7183,United States,2025-07-01
7184,United States,2024-05-12
7185,United Arab Emirates,2023-06-21
7186,Japan,2023-03-27
7187,United States,2024-07-11
7188,United Kingdom,2025-05-07
7189,United States,2023-07-05
7190,United States,2023-06-05
7191,United States,2024-05-07
7192,United Kingdom,2025-06-28
7193,United States,2024-06-04
7194,United Arab Emirates,2024-09-18
7195,Germany,2024-10-27
7196,United States,2023-05-10
7197,United Arab Emirates,2025-04-22
7198,United States,2023-03-22
7199,Japan,2024-01-19
7200,Japan,2025-03-12
7201,United Kingdom,2024-10-20
7202,United Arab Emirates,2023-10-22
7203,United States,2025-09-04
7204,United Arab Emirates,2023-09-26
7205,Japan,2024-10-06
7206,United Arab Emirates,2024-07-15
7207,United Arab Emirates,2024-06-18
7208,United Kingdom,2024-01-13
7209,United Kingdom,2024-01-11
7210,United States,2023-03-29
7211,United Kingdom,2025-07-13
7212,United Arab Emirates,2024-09-15
7213,United Arab Emirates,2023-04-21
7214,United States,2024-08-06
7215,United Arab Emirates,2023-06-03
7216,United States,2024-04-07
7217,United States,2024-07-22
7218,United States,2025-02-07
7219,Japan,2023-06-05
7220,Japan,2024-09-16
7221,Japan,2023-11-14
7222,United Arab Emirates,2024-07-12
7223,United Arab Emirates,2023-08-26
7224,United Kingdom,2023-11-30
7225,Germany,2023-04-16
7226,Japan,2024-04-26
7227,Germany,2024-11-29
7228,United Arab Emirates,2024-11-01
7229,Japan,2024-12-10
7230,United Kingdom,2024-01-17
7231,United Arab Emirates,2024-11-19
7232,United Kingdom,2023-09-18
7233,United Arab Emirates,2025-03-09
7234,United States,2023-10-20
7235,United Kingdom,2023-12-01
7236,United Kingdom,2024-10-16
7237,United States,2025-03-30
7238,Germany,2024-12-09
7239,United States,2024-04-20
7240,United Kingdom,2023-08-13
7241,Germany,2025-06-25
7242,Japan,2024-07-08
7243,United Arab Emirates,2024-03-29
7244,United States,2024-10-24
7245,United Arab Emirates,2023-10-23
7246,United Arab Emirates,2024-07-28
7247,United States,2024-10-03
7248,Germany,2025-02-05
7249,United Arab Emirates,2024-04-07
7250,Germany,2025-05-04
7251,Germany,2023-08-02
7252,Japan,2024-08-07
7253,United Arab Emirates,2025-07-31
7254,Japan,2024-09-07
7255,United Kingdom,2023-06-07
7256,United States,2023-09-29
7257,United Arab Emirates,2025-04-06
7258,United Arab Emirates,2023-08-26
7259,United States,2023-10-30
7260,United Kingdom,2025-06-02
7261,United Arab Emirates,2024-10-31
7262,United Arab Emirates,2024-09-12
7263,United States,2024-06-04
7264,United Arab Emirates,2023-11-17
7265,Germany,2023-02-28
7266,United Arab Emirates,2023-12-24
7267,United Arab Emirates,2024-12-04
7268,United Kingdom,2024-10-09
7269,United Kingdom,2023-09-08
7270,United Kingdom,2025-06-09
7271,United Kingdom,2024-03-11
7272,Japan,2023-05-26
7273,United States,2025-05-08
7274,United Arab Emirates,2025-09-04
7275,United Kingdom,2023-12-18
7276,Germany,2024-07-23
7277,United Kingdom,2024-11-19
7278,United Arab Emirates,2025-03-10
7279,United States,2023-09-02
7280,United States,2024-07-13
7281,United States,2023-10-28
7282,United Arab Emirates,2024-03-13
7283,United Arab Emirates,2025-05-17
7284,United States,2023-04-10
7285,United Arab Emirates,2024-12-25
7286,United States,2025-03-24
7287,United States,2024-04-24
7288,United Arab Emirates,2024-02-19
7289,Japan,2023-06-14
7290,Germany,2025-06-30
7291,United States,2025-07-30
7292,United Arab Emirates,2024-09-29
7293,United Arab Emirates,2023-10-29
7294,United Kingdom,2025-08-31
7295,United Arab Emirates,2023-05-01
7296,Japan,2023-03-29
7297,United Arab Emirates,2023-08-05
7298,United Kingdom,2024-07-26
7299,United Kingdom,2025-03-24
7300,United States,2023-06-28
7301,United Arab Emirates,2024-12-02
7302,United Kingdom,2023-06-12
7303,United Arab Emirates,2024-08-15
7304,Germany,2023-06-19
7305,United Arab Emirates,2023-10-28
7306,Japan,2024-01-09
7307,Germany,2024-12-08
7308,United Arab Emirates,2023-07-22
7309,United States,2023-02-16
7310,United Arab Emirates,2024-04-07
7311,Japan,2024-10-31
7312,United States,2024-02-12
7313,United Kingdom,2023-07-13
7314,United Kingdom,2024-03-02
7315,United Arab Emirates,2025-07-18
7316,Japan,2025-03-01
7317,United Arab Emirates,2023-11-13
7318,United States,2024-04-23
7319,United Kingdom,2024-02-25
7320,Japan,2023-09-26
7321,United Arab Emirates,2024-04-25
7322,United States,2024-12-11
7323,United Kingdom,2025-01-05
7324,United States,2023-09-20
7325,United Arab Emirates,2024-03-01
7326,United Arab Emirates,2023-06-15
7327,United Arab Emirates,2024-11-22
7328,United States,2024-03-03
7329,United Arab Emirates,2024-12-04
7330,United States,2024-02-01
7331,United Arab Emirates,2023-08-04
7332,Germany,2025-03-06
7333,Japan,2025-05-13
7334,United States,2023-04-17
7335,United Kingdom,2025-09-04
7336,United Arab Emirates,2023-04-08
7337,United Arab Emirates,2025-05-29
7338,United Arab Emirates,2024-04-26
7339,United States,2024-05-13
7340,United States,2023-08-18
7341,Japan,2023-09-14
7342,United Kingdom,2023-02-12
7343,United States,2023-08-30
7344,United Kingdom,2024-07-07
7345,United States,2023-04-05
7346,United Arab Emirates,2025-08-03
7347,United Kingdom,2025-02-04
7348,United Kingdom,2023-07-07
7349,United States,2024-01-20
7350,Japan,2025-03-29
7351,United Kingdom,2024-02-04
7352,United Arab Emirates,2024-05-20
7353,United Kingdom,2023-06-16
7354,United States,2025-02-21
7355,United Arab Emirates,2023-05-05
7356,United States,2024-11-03
7357,Japan,2023-03-28
7358,Japan,2025-03-31
7359,United Arab Emirates,2024-05-03
7360,Germany,2023-08-14
7361,United States,2024-10-18
7362,United Kingdom,2023-12-11
7363,United States,2025-01-29
7364,Germany,2025-05-23
7365,United Kingdom,2024-06-01
7366,United Kingdom,2023-01-31
7367,United Kingdom,2024-12-09
7368,United States,2025-01-13
7369,United Arab Emirates,2023-10-23
7370,Japan,2024-02-18
7371,United States,2025-04-16
7372,United States,2025-08-29
7373,United Arab Emirates,2023-05-15
7374,United States,2024-06-08
7375,United Arab Emirates,2023-01-04
7376,United Arab Emirates,2023-06-27
7377,United States,2025-01-15
7378,United Kingdom,2023-09-16
7379,United States,2024-10-13
7380,United Arab Emirates,2023-03-06
7381,United Kingdom,2025-03-05
7382,United Arab Emirates,2023-12-29
7383,Japan,2025-03-28
7384,United States,2024-12-17
7385,United States,2023-01-17
7386,United Kingdom,2023-07-19
7387,United Arab Emirates,2024-06-27
7388,Japan,2023-07-31
7389,United Arab Emirates,2024-03-10
7390,United Kingdom,2023-09-30
7391,United States,2023-10-17
7392,United Arab Emirates,2025-03-13
7393,Germany,2024-04-27
7394,United States,2025-09-24
7395,United Arab Emirates,2023-08-22
7396,United Arab Emirates,2024-02-12
7397,United Arab Emirates,2024-11-24
7398,Germany,2023-05-26
7399,United States,2024-07-15
7400,United Arab Emirates,2024-03-05
7401,United Arab Emirates,2024-03-07
7402,United States,2024-09-06
7403,United States,2024-06-28
7404,United Kingdom,2024-05-11
7405,United Kingdom,2025-09-09
7406,United Arab Emirates,2023-03-30
7407,United States,2025-09-23
7408,Japan,2024-02-15
7409,United Arab Emirates,2025-06-15
7410,United States,2025-05-02
7411,United Kingdom,2025-04-06
7412,United Kingdom,2023-08-29
7413,United Arab Emirates,2025-02-16
7414,Germany,2023-08-11
7415,United Kingdom,2025-01-17
7416,United States,2024-10-26
7417,United Kingdom,2024-04-12
7418,United Arab Emirates,2024-07-22
7419,United Arab Emirates,2023-11-18
7420,United States,2024-01-10
7421,United Arab Emirates,2023-04-22
7422,United States,2024-06-10
7423,United Kingdom,2024-02-16
7424,United Kingdom,2023-09-26
7425,United Kingdom,2024-09-17
7426,United Kingdom,2023-09-09
7427,United Arab Emirates,2024-01-09
7428,United Kingdom,2024-10-15
7429,United States,2024-09-17
7430,United States,2024-03-25
7431,United Arab Emirates,2025-03-12
7432,United Kingdom,2025-09-21
7433,United Arab Emirates,2025-05-18
7434,United Arab Emirates,2024-06-20
7435,United Arab Emirates,2024-01-03
7436,Germany,2025-04-01
7437,United Arab Emirates,2023-09-12
7438,United Arab Emirates,2024-04-07
7439,United Arab Emirates,2023-09-25
7440,United Arab Emirates,2023-05-06
7441,United States,2024-01-28
7442,United Arab Emirates,2025-01-31
7443,United Arab Emirates,2025-03-09
7444,United States,2023-11-30
7445,United Kingdom,2025-09-15
7446,United States,2024-07-18
7447,United States,2024-01-03
7448,United Arab Emirates,2024-07-08
7449,United States,2024-11-08
7450,United Arab Emirates,2024-07-07
7451,United States,2025-06-10
7452,United Kingdom,2024-03-31
7453,United Arab Emirates,2024-11-18
7454,United States,2023-03-08
7455,Germany,2023-03-07
7456,Japan,2025-06-30
7457,United States,2024-08-17
7458,United Kingdom,2025-05-11
7459,United Arab Emirates,2024-09-08
7460,United Arab Emirates,2024-02-04
7461,United Kingdom,2023-10-14
7462,United Kingdom,2025-06-04
7463,Japan,2023-07-05
7464,United Kingdom,2023-10-11
7465,United Kingdom,2024-05-30
7466,United Kingdom,2024-10-11
7467,Germany,2024-11-21
7468,United States,2023-08-25
7469,United States,2023-01-18
7470,United Kingdom,2025-03-25
7471,Germany,2025-07-16
7472,United Arab Emirates,2024-02-18
7473,Germany,2025-07-20
7474,United States,2023-01-09
7475,United Kingdom,2024-02-24
7476,United Kingdom,2023-01-29
7477,United States,2024-10-17
7478,United Arab Emirates,2023-12-14
7479,Germany,2024-10-22
7480,United Kingdom,2024-07-29
7481,United Kingdom,2025-05-28
7482,United Arab Emirates,2024-03-25
7483,United Kingdom,2024-01-15
7484,United Kingdom,2024-11-29
7485,United Kingdom,2024-01-01
7486,United States,2023-08-15
7487,United Kingdom,2023-04-28
7488,Japan,2024-02-16
7489,United States,2025-08-08
7490,Germany,2023-12-22
7491,United Arab Emirates,2023-09-11
7492,United Kingdom,2024-06-26
7493,United Kingdom,2024-11-03
7494,United States,2024-12-27
7495,Germany,2024-03-19
7496,United Arab Emirates,2024-11-11
7497,United Arab Emirates,2023-03-22
7498,Germany,2023-02-15
7499,United Arab Emirates,2023-02-18
7500,United States,2024-03-24
7501,United States,2025-03-20
7502,Germany,2024-02-11
7503,United Arab Emirates,2025-05-29
7504,United Arab Emirates,2023-10-10
7505,United States,2024-04-17
7506,Japan,2024-02-20
7507,United Kingdom,2025-09-05
7508,United Kingdom,2024-08-22
7509,United States,2023-05-01
7510,Japan,2023-01-03
7511,Germany,2023-11-12
7512,Japan,2024-04-04
7513,United Arab Emirates,2023-08-15
7514,United Arab Emirates,2023-03-20
7515,United States,2024-10-18
7516,Germany,2025-01-23
7517,United Arab Emirates,2024-06-27
7518,United Arab Emirates,2025-02-13
7519,United States,2024-12-23
7520,United Arab Emirates,2023-03-12
7521,United Kingdom,2025-06-14
7522,United States,2023-07-16
7523,United States,2023-02-27
7524,United States,2024-02-28
7525,United Kingdom,2024-04-13
7526,United States,2024-09-15
7527,United States,2023-02-17
7528,United States,2024-03-10
7529,United States,2023-07-04
7530,United Arab Emirates,2025-05-28
7531,United Arab Emirates,2025-04-18
7532,United Arab Emirates,2023-06-14
7533,United Arab Emirates,2024-12-27
7534,United States,2023-11-27
7535,Germany,2023-11-26
7536,United States,2023-05-01
7537,United States,2023-08-01
7538,United Kingdom,2025-04-02
7539,United Kingdom,2024-05-21
7540,United Kingdom,2024-07-06
7541,United Arab Emirates,2025-05-14
7542,United Arab Emirates,2025-07-04
7543,United States,2025-03-11
7544,Japan,2023-06-17
7545,United Arab Emirates,2025-09-21
7546,United Arab Emirates,2024-06-29
7547,United States,2025-04-09
7548,United Arab Emirates,2025-09-22
7549,Germany,2025-09-13
7550,United States,2025-02-25
7551,Japan,2024-03-02
7552,United Kingdom,2024-12-09
7553,United States,2024-12-03
7554,United Kingdom,2023-08-09
7555,United States,2023-01-10
7556,United Kingdom,2023-04-30
7557,United Arab Emirates,2024-09-26
7558,United States,2023-09-04
7559,United States,2023-12-26
7560,Germany,2025-06-27
7561,United States,2023-08-09
7562,United States,2025-02-11
7563,United Arab Emirates,2024-05-20
7564,United States,2023-02-27
7565,United States,2025-04-06
7566,Germany,2024-04-04
7567,Japan,2023-05-08
7568,United Arab Emirates,2024-11-29
7569,Germany,2024-12-17
7570,United Arab Emirates,2023-03-27
7571,United Kingdom,2023-04-14
7572,United States,2023-05-23
7573,United Arab Emirates,2023-07-24
7574,United States,2024-10-02
7575,United Arab Emirates,2025-01-27
7576,United Arab Emirates,2023-02-07
7577,United States,2023-12-29
7578,United States,2024-09-12
7579,Japan,2023-11-05
7580,United States,2023-02-21
7581,United States,2023-01-01
7582,United Kingdom,2023-01-11
7583,United Arab Emirates,2025-04-05
7584,United Arab Emirates,2025-01-16
7585,United States,2024-10-01
7586,United States,2025-07-24
7587,United Kingdom,2023-08-02
7588,United States,2025-09-21
7589,United States,2025-08-13
7590,United Arab Emirates,2025-01-24
7591,United Arab Emirates,2024-07-09
7592,Germany,2024-06-01
7593,United States,2024-10-29
7594,Germany,2024-02-19
7595,United Arab Emirates,2023-01-08
7596,Japan,2023-01-05
7597,United Arab Emirates,2023-12-28
7598,United Arab Emirates,2024-11-24
7599,Japan,2023-04-22
7600,United Arab Emirates,2023-09-30
7601,United States,2024-02-26
7602,United Arab Emirates,2023-09-22
7603,United States,2024-04-02
7604,Japan,2023-07-31
7605,United Kingdom,2023-03-19
7606,United States,2025-02-20
7607,United Arab Emirates,2024-10-27
7608,United States,2023-08-09
7609,United Kingdom,2024-01-04
7610,United Arab Emirates,2025-08-15
7611,United Kingdom,2023-12-13
7612,United Arab Emirates,2023-01-25
7613,Japan,2025-09-02
7614,United Kingdom,2024-02-24
7615,United Arab Emirates,2023-12-20
7616,United Kingdom,2024-12-20
7617,United Kingdom,2024-02-21
7618,United States,2024-05-29
7619,Japan,2023-08-03
7620,United Kingdom,2025-06-25
7621,Germany,2023-04-22
7622,United States,2025-08-11
7623,United Arab Emirates,2024-12-04
7624,United States,2025-07-02
7625,United States,2024-07-12
7626,United States,2024-03-03
7627,Germany,2025-01-02
7628,United Kingdom,2024-11-29
7629,Japan,2024-07-15
7630,United States,2024-12-09
7631,United Kingdom,2023-08-04
7632,United States,2024-02-17
7633,United Kingdom,2025-01-02
7634,Japan,2024-01-15
7635,United States,2024-08-24
7636,United Arab Emirates,2023-08-20
7637,United Kingdom,2025-04-14
7638,United States,2023-09-15
7639,United Arab Emirates,2024-10-26
7640,United Arab Emirates,2023-09-13
7641,United Kingdom,2024-02-07
7642,United Kingdom,2024-02-28
7643,United Kingdom,2025-02-08
7644,United Arab Emirates,2025-09-05
7645,United Arab Emirates,2023-03-06
7646,United States,2023-07-09
7647,United States,2024-08-25
7648,United Arab Emirates,2025-08-07
7649,United Kingdom,2023-06-22
7650,United States,2025-01-28
7651,United Arab Emirates,2025-02-06
7652,United Arab Emirates,2024-09-19
7653,United Arab Emirates,2024-07-14
7654,Germany,2023-08-15
7655,United States,2024-08-03
7656,United States,2025-07-22
7657,United States,2024-01-23
7658,United States,2024-02-05
7659,United Kingdom,2024-09-29
7660,United States,2025-08-06
7661,United Arab Emirates,2023-08-01
7662,United States,2023-02-22
7663,United States,2024-09-15
7664,United States,2024-11-01
7665,United Kingdom,2025-01-21
7666,United Arab Emirates,2024-10-23
7667,United States,2023-05-19
7668,United States,2024-02-22
7669,Germany,2024-09-16
7670,United Kingdom,2023-05-23
7671,United States,2025-05-31
7672,United States,2024-05-23
7673,Germany,2024-10-11
7674,United States,2024-04-30
7675,United States,2025-09-18
7676,United States,2024-03-12
7677,United States,2025-03-26
7678,Japan,2024-06-26
7679,United Arab Emirates,2023-10-20
7680,United Arab Emirates,2024-09-11
7681,Japan,2023-10-11
7682,United States,2024-11-01
7683,United States,2025-04-17
7684,United Kingdom,2023-01-14
7685,United Arab Emirates,2024-09-25
7686,United States,2024-12-27
7687,United States,2023-09-29
7688,United Kingdom,2023-01-25
7689,United Kingdom,2025-07-23
7690,Germany,2023-11-18
7691,United Arab Emirates,2025-03-16
7692,Germany,2024-11-11
7693,United Arab Emirates,2023-04-13
7694,United States,2025-05-15
7695,Japan,2025-06-01
7696,United States,2023-02-09
7697,United Kingdom,2023-08-23
7698,United States,2025-04-11
7699,United Kingdom,2023-03-30
7700,United Arab Emirates,2023-04-10
7701,Japan,2023-05-24
7702,United States,2023-03-23
7703,United States,2024-08-11
7704,United Kingdom,2024-07-24
7705,United Arab Emirates,2023-08-17
7706,United Arab Emirates,2024-08-25
7707,United States,2025-05-15
7708,United States,2024-01-30
7709,United States,2024-05-27
7710,Germany,2025-02-19
7711,United Arab Emirates,2025-03-08
7712,United Kingdom,2023-07-16
7713,United Arab Emirates,2023-10-01
7714,United Kingdom,2024-08-12
7715,United Arab Emirates,2024-10-14
7716,Japan,2025-03-10
7717,United Arab Emirates,2024-08-05
7718,Japan,2025-08-25
7719,United Kingdom,2024-07-15
7720,Japan,2025-08-24
7721,United States,2024-01-07
7722,Japan,2025-05-30
7723,United Arab Emirates,2023-03-21
7724,United States,2023-08-23
7725,Japan,2023-10-14
7726,United Arab Emirates,2025-03-29
7727,United Arab Emirates,2024-10-28
7728,United Kingdom,2024-07-25
7729,Japan,2024-06-28
7730,United States,2024-03-12
7731,United States,2023-05-07
7732,United Arab Emirates,2025-01-02
7733,United Arab Emirates,2024-12-12
7734,Germany,2024-02-21
7735,United Arab Emirates,2024-09-29
7736,United States,2023-02-10
7737,Japan,2025-02-25
7738,United Arab Emirates,2024-04-13
7739,United States,2023-10-24
7740,United Arab Emirates,2024-08-19
7741,United States,2024-08-23
7742,United Arab Emirates,2023-02-11
7743,United States,2024-09-23
7744,United Kingdom,2023-10-06
7745,United Kingdom,2024-04-03
7746,United States,2023-02-02
7747,United Arab Emirates,2023-10-03
7748,United States,2024-10-26
7749,United Kingdom,2023-03-31
7750,United States,2024-09-07
7751,United Arab Emirates,2025-08-05
7752,United States,2024-06-07
7753,United Arab Emirates,2023-06-09
7754,United Kingdom,2025-07-17
7755,United Arab Emirates,2024-04-02
7756,United States,2024-12-08
7757,United Arab Emirates,2024-02-03
7758,Germany,2025-03-29
7759,Germany,2025-02-12
7760,United Arab Emirates,2023-04-01
7761,United States,2024-12-09
7762,United Arab Emirates,2024-08-03
7763,United Kingdom,2024-04-10
7764,United States,2023-08-08
7765,United States,2024-02-23
7766,United States,2024-01-14
7767,United Arab Emirates,2024-12-26
7768,United Kingdom,2025-07-18
7769,United Arab Emirates,2024-03-22
7770,United States,2025-08-21
7771,United States,2023-05-26
7772,United States,2023-08-21
7773,United Arab Emirates,2024-01-06
7774,United Kingdom,2025-07-10
7775,United Kingdom,2023-08-22
7776,United Arab Emirates,2024-12-26
7777,United Kingdom,2024-01-02
7778,Germany,2024-04-25
7779,Germany,2024-07-26
7780,United States,2023-12-29
7781,United Kingdom,2024-08-12
7782,United Arab Emirates,2024-05-25
7783,Germany,2023-04-05
7784,United Arab Emirates,2025-04-21
7785,Japan,2023-08-04
7786,United Kingdom,2024-12-25
7787,United Kingdom,2025-03-26
7788,Japan,2024-12-12
7789,United Arab Emirates,2025-05-13
7790,United States,2024-06-26
7791,United States,2025-03-12
7792,United Arab Emirates,2025-05-04
7793,United Kingdom,2025-09-11
7794,United States,2023-05-15
7795,United States,2023-03-24
7796,United Arab Emirates,2024-01-26
7797,Japan,2023-02-16
7798,United Arab Emirates,2024-01-27
7799,United Arab Emirates,2024-12-18
7800,United Arab Emirates,2024-01-20
7801,United Arab Emirates,2024-01-16
7802,United Arab Emirates,2023-03-18
7803,Japan,2023-09-16
7804,United Kingdom,2025-08-06
7805,United Arab Emirates,2024-08-26
7806,United Arab Emirates,2025-07-22
7807,United States,2025-08-04
7808,Germany,2024-02-03
7809,United Arab Emirates,2023-04-10
7810,United Arab Emirates,2024-05-15
7811,United Arab Emirates,2024-01-18
7812,United Arab Emirates,2024-12-07
7813,United Arab Emirates,2023-07-11
7814,United Kingdom,2024-08-02
7815,United Arab Emirates,2025-06-19
7816,United States,2025-01-23
7817,United Arab Emirates,2024-08-24
7818,Japan,2023-12-11
7819,Japan,2023-01-10
7820,United States,2023-09-21
7821,United Kingdom,2023-09-25
7822,United Kingdom,2025-04-11
7823,United Kingdom,2024-09-21
7824,United States,2025-01-31
7825,United Kingdom,2024-07-24
7826,Germany,2023-07-14
7827,Japan,2025-09-13
7828,United Kingdom,2024-07-15
7829,United States,2024-02-11
7830,United Arab Emirates,2023-10-23
7831,United Arab Emirates,2025-06-08
7832,United Kingdom,2023-04-07
7833,United Arab Emirates,2024-04-06
7834,Germany,2024-09-30
7835,United Arab Emirates,2025-01-27
7836,United Kingdom,2023-03-28
7837,United States,2025-09-17
7838,United States,2023-03-18
7839,United Kingdom,2025-06-07
7840,Germany,2024-12-16
7841,United States,2024-04-27
7842,United Kingdom,2023-05-26
7843,United Arab Emirates,2024-10-22
7844,United Kingdom,2023-04-21
7845,Germany,2024-10-02
7846,United States,2025-02-03
7847,Germany,2024-11-08
7848,United Kingdom,2023-10-24
7849,United Arab Emirates,2024-03-01
7850,United Arab Emirates,2024-10-10
7851,United Kingdom,2025-03-01
7852,United States,2023-11-30
7853,United States,2024-06-06
7854,United Arab Emirates,2024-08-05
7855,United Kingdom,2024-11-01
7856,United Kingdom,2024-12-28
7857,United Kingdom,2024-06-21
7858,United Arab Emirates,2025-03-08
7859,United Arab Emirates,2023-06-11
7860,United Arab Emirates,2024-03-05
7861,United Arab Emirates,2024-09-05
7862,United Arab Emirates,2023-03-10
7863,United Arab Emirates,2023-05-13
7864,United States,2023-07-08
7865,United Kingdom,2024-12-23
7866,Japan,2025-01-24
7867,United Arab Emirates,2024-11-08
7868,United Kingdom,2025-07-12
7869,United Kingdom,2025-07-10
7870,United Arab Emirates,2024-07-26
7871,Germany,2025-05-23
7872,United Arab Emirates,2023-10-06
7873,Japan,2024-03-05
7874,Germany,2024-09-16
7875,United States,2024-06-25
7876,United States,2025-04-14
7877,United States,2025-09-14
7878,United Kingdom,2023-06-10
7879,United States,2025-01-15
7880,United Arab Emirates,2025-06-17
7881,United Arab Emirates,2024-03-28
7882,United Kingdom,2025-06-07
7883,United States,2025-04-30
7884,Germany,2023-06-19
7885,United Arab Emirates,2025-04-09
7886,Germany,2024-11-28
7887,United Arab Emirates,2023-02-26
7888,United Kingdom,2023-08-28
7889,United Kingdom,2025-02-07
7890,United Kingdom,2023-12-24
7891,United Arab Emirates,2023-07-20
7892,United States,2024-03-19
7893,Germany,2025-04-16
7894,United Kingdom,2025-04-06
7895,United Kingdom,2023-10-29
7896,Germany,2023-04-16
7897,United States,2025-03-12
7898,United Kingdom,2023-04-11
7899,United Arab Emirates,2023-04-07
7900,Germany,2024-10-26
7901,United States,2025-07-26
7902,United Arab Emirates,2023-01-29
7903,United Arab Emirates,2024-05-20
7904,Germany,2024-10-26
7905,United Arab Emirates,2024-03-13
7906,Japan,2024-01-14
7907,United Arab Emirates,2023-03-14
7908,United States,2023-09-11
7909,United Kingdom,2025-08-20
7910,United Kingdom,2025-06-29
7911,Germany,2024-05-30
7912,United Kingdom,2025-01-18
7913,United States,2024-07-03
7914,United Arab Emirates,2023-01-20
7915,United Arab Emirates,2024-09-16
7916,United Arab Emirates,2024-06-18
7917,United States,2024-02-25
7918,United Arab Emirates,2024-03-21
7919,United Arab Emirates,2025-05-28
7920,United Kingdom,2023-05-16
7921,United States,2024-05-19
7922,United States,2025-07-21
7923,United Arab Emirates,2025-01-29
7924,United Arab Emirates,2023-10-28
7925,Japan,2024-08-31
7926,United Arab Emirates,2023-02-02
7927,Germany,2024-10-08
7928,Germany,2025-02-05
7929,United States,2023-10-05
7930,United Arab Emirates,2023-05-13
7931,Germany,2025-01-19
7932,United States,2024-06-10
7933,United States,2025-02-27
7934,United Kingdom,2023-05-06
7935,United Arab Emirates,2023-12-11
7936,United Arab Emirates,2023-01-17
7937,United States,2025-04-03
7938,United States,2024-07-15
7939,United Kingdom,2024-10-08
7940,United Kingdom,2024-09-21
7941,United Kingdom,2024-01-13
7942,United States,2025-03-28
7943,Japan,2023-03-01
7944,United Arab Emirates,2024-09-28
7945,United Kingdom,2024-04-11
7946,United Arab Emirates,2024-09-19
7947,United States,2024-01-26
7948,United States,2025-07-24
7949,Japan,2024-11-15
7950,United Arab Emirates,2023-07-06
7951,Japan,2024-05-12
7952,United Arab Emirates,2024-08-22
7953,United States,2024-12-15
7954,United Arab Emirates,2023-12-27
7955,Germany,2025-04-02
7956,United States,2025-04-11
7957,United States,2024-03-24
7958,Germany,2024-11-24
7959,United Arab Emirates,2025-05-13
7960,United Arab Emirates,2024-11-10
7961,Germany,2023-06-30
7962,United Kingdom,2025-03-22
7963,United Arab Emirates,2025-08-16
7964,United Kingdom,2023-05-10
7965,United States,2025-09-01
7966,United Arab Emirates,2023-05-29
7967,United Arab Emirates,2024-04-16
7968,United Arab Emirates,2025-03-28
7969,United Kingdom,2024-12-21
7970,Germany,2024-09-14
7971,Japan,2025-08-05
7972,United States,2024-05-14
7973,United Arab Emirates,2024-10-10
7974,Japan,2023-12-21
7975,United States,2025-07-04
7976,United Arab Emirates,2023-07-30
7977,Japan,2024-10-19
7978,United States,2024-08-18
7979,United States,2023-01-30
7980,United States,2025-09-26
7981,United Arab Emirates,2024-07-30
7982,United Arab Emirates,2023-01-24
7983,United States,2025-09-10
7984,United Arab Emirates,2025-07-31
7985,United Kingdom,2024-12-23
7986,United States,2023-08-10
7987,United States,2024-08-24
7988,United Kingdom,2024-09-09
7989,United States,2024-11-14
7990,Germany,2025-01-11
7991,United States,2025-07-13
7992,United Arab Emirates,2024-08-11
7993,United Arab Emirates,2024-08-02
7994,United Kingdom,2025-05-26
7995,United Arab Emirates,2024-02-05
7996,United Arab Emirates,2025-05-14
7997,United Arab Emirates,2025-06-19
7998,United Kingdom,2024-08-26
7999,Japan,2024-05-26
8000,United Arab Emirates,2023-03-29
8001,United States,2024-04-09
8002,United States,2023-02-19
8003,United Arab Emirates,2023-04-13
8004,Japan,2024-01-03
8005,United States,2025-07-24
8006,United Kingdom,2024-05-06
8007,United States,2024-07-11
8008,United Arab Emirates,2024-11-21
8009,United States,2025-02-17
8010,United Arab Emirates,2023-09-25
8011,Germany,2024-02-01
8012,United Kingdom,2023-11-16
8013,United States,2024-06-03
8014,United Arab Emirates,2024-03-24
8015,United States,2025-02-15
8016,United States,2024-04-20
8017,United Kingdom,2025-06-16
8018,United States,2024-08-12
8019,United Kingdom,2025-06-27
8020,Germany,2023-08-28
8021,United Kingdom,2023-09-15
8022,Germany,2024-12-08
8023,Germany,2025-08-29
8024,United Kingdom,2025-08-01
8025,United Arab Emirates,2025-04-21
8026,United Kingdom,2024-10-04
8027,Germany,2025-08-21
8028,United Arab Emirates,2024-01-25
8029,United States,2023-12-09
8030,Germany,2025-02-11
8031,United Kingdom,2025-01-23
8032,United States,2024-01-22
8033,United Arab Emirates,2024-01-29
8034,United Arab Emirates,2024-11-13
8035,United States,2024-10-20
8036,United Arab Emirates,2023-09-27
8037,United Arab Emirates,2023-05-29
8038,Germany,2024-01-15
8039,United Kingdom,2025-03-21
8040,Japan,2023-01-28
8041,Japan,2023-05-29
8042,United Arab Emirates,2024-02-24
8043,United Arab Emirates,2023-10-07
8044,United States,2023-07-01
8045,United Kingdom,2023-06-15
8046,United Arab Emirates,2023-01-17
8047,United States,2023-05-30
8048,United Arab Emirates,2023-12-05
8049,Germany,2023-02-14
8050,United Arab Emirates,2024-05-16
8051,United Arab Emirates,2025-04-21
8052,United Arab Emirates,2023-07-08
8053,Japan,2024-10-12
8054,United States,2023-03-02
8055,Germany,2023-10-21
8056,United Kingdom,2025-04-13
8057,United Kingdom,2023-02-02
8058,United Arab Emirates,2023-10-26
8059,United Kingdom,2024-02-19
8060,United States,2024-09-15
8061,United States,2025-03-13
8062,United Arab Emirates,2024-07-02
8063,Japan,2024-03-06
8064,United Arab Emirates,2024-05-09
8065,Japan,2023-04-10
8066,United Arab Emirates,2023-01-23
8067,United Kingdom,2024-02-24
8068,United Kingdom,2024-02-28
8069,United Kingdom,2024-05-01
8070,United States,2024-12-30
8071,United Kingdom,2023-03-30
8072,United Kingdom,2023-07-28
8073,United States,2023-09-28
8074,United States,2025-07-21
8075,Germany,2025-01-18
8076,United Arab Emirates,2025-06-18
8077,United States,2024-02-10
8078,United States,2024-12-21
8079,United Kingdom,2023-10-05
8080,United Kingdom,2025-09-03
8081,United Kingdom,2023-07-25
8082,United Arab Emirates,2024-08-12
8083,United Arab Emirates,2025-07-01
8084,United Arab Emirates,2023-11-24
8085,United States,2024-09-01
8086,United States,2025-05-07
8087,Japan,2025-05-26
8088,United States,2025-05-11
8089,United Arab Emirates,2025-09-08
8090,Germany,2023-12-02
8091,Germany,2024-08-28
8092,United Kingdom,2024-08-14
8093,United States,2023-02-07
8094,Japan,2025-07-08
8095,United States,2023-08-16
8096,Japan,2024-04-27
8097,United Arab Emirates,2023-05-14
8098,United Arab Emirates,2024-12-08
8099,United Kingdom,2025-09-04
8100,United States,2024-01-25
8101,Germany,2025-03-04
8102,Japan,2024-09-04
8103,United Kingdom,2025-09-13
8104,United Arab Emirates,2024-02-29
8105,Germany,2024-08-09
8106,United States,2025-03-16
8107,United Arab Emirates,2024-05-24
8108,United Kingdom,2024-12-20
8109,United States,2024-08-17
8110,United States,2024-03-02
8111,United Kingdom,2025-08-06
8112,United Kingdom,2024-10-16
8113,Japan,2024-04-18
8114,United States,2024-07-21
8115,United Kingdom,2023-12-27
8116,United Arab Emirates,2025-08-09
8117,United States,2025-03-09
8118,United Arab Emirates,2023-07-30
8119,United Arab Emirates,2025-08-10
8120,United States,2023-06-28
8121,United Arab Emirates,2025-07-08
8122,United States,2023-02-27
8123,United Arab Emirates,2023-03-14
8124,United States,2023-08-03
8125,United Arab Emirates,2025-06-18
8126,United Arab Emirates,2025-02-16
8127,United Arab Emirates,2025-08-16
8128,Japan,2023-03-14
8129,Germany,2024-04-11
8130,United Arab Emirates,2023-09-28
8131,United States,2024-05-13
8132,United States,2023-12-20
8133,Japan,2023-08-22
8134,United Kingdom,2023-11-15
8135,United States,2023-01-19
8136,United Arab Emirates,2024-09-16
8137,United Kingdom,2024-07-28
8138,Japan,2024-01-07
8139,United States,2023-07-03
8140,United Arab Emirates,2023-10-04
8141,United Arab Emirates,2024-11-04
8142,United States,2025-01-24
8143,United States,2023-05-25
8144,United Kingdom,2024-10-19
8145,Japan,2023-03-22
8146,United Arab Emirates,2023-11-18
8147,United Kingdom,2024-03-10
8148,Japan,2025-04-12
8149,United Kingdom,2023-02-12
8150,United Arab Emirates,2023-11-09
8151,United States,2025-06-24
8152,Germany,2023-10-20
8153,United Arab Emirates,2024-11-18
8154,Japan,2025-06-06
8155,United States,2023-03-10
8156,United Arab Emirates,2023-02-25
8157,United States,2024-09-22
8158,United Kingdom,2023-07-23
8159,United Kingdom,2024-02-24
8160,United States,2025-07-15
8161,Japan,2024-07-20
8162,United Arab Emirates,2024-07-03
8163,United Kingdom,2023-08-31
8164,United Kingdom,2023-07-20
8165,United Kingdom,2025-01-17
8166,United Kingdom,2024-04-18
8167,United Arab Emirates,2024-06-10
8168,United States,2024-10-17
8169,United Kingdom,2023-03-18
8170,United Arab Emirates,2025-09-11
8171,Germany,2024-04-22
8172,Germany,2025-03-31
8173,United Kingdom,2024-03-15
8174,United Arab Emirates,2023-09-20
8175,United States,2023-07-04
8176,United Arab Emirates,2023-02-24
8177,United Arab Emirates,2023-11-04
8178,United States,2024-05-30
8179,United Arab Emirates,2023-10-26
8180,United Arab Emirates,2024-07-05
8181,United Arab Emirates,2023-08-18
8182,United Arab Emirates,2024-01-12
8183,United Arab Emirates,2023-10-13
8184,Japan,2023-05-18
8185,United Arab Emirates,2024-04-22
8186,United Arab Emirates,2024-09-06
8187,United Arab Emirates,2023-01-07
8188,Japan,2024-11-06
8189,United States,2024-02-23
8190,United Kingdom,2024-04-16
8191,Germany,2025-07-23
8192,United Kingdom,2024-02-24
8193,United Kingdom,2025-05-26
8194,United Arab Emirates,2023-10-03
8195,United Kingdom,2024-07-14
8196,United Kingdom,2024-08-30
8197,United States,2024-07-24
8198,United Arab Emirates,2025-01-12
8199,United States,2024-11-19
8200,United Arab Emirates,2023-03-31
8201,United Arab Emirates,2023-10-09
8202,United Kingdom,2024-07-01
8203,Japan,2023-06-20
8204,United Kingdom,2024-09-29
8205,United States,2025-09-21
8206,United Arab Emirates,2025-03-21
8207,United Arab Emirates,2023-12-21
8208,United Arab Emirates,2023-07-23
8209,United Kingdom,2023-10-16
8210,United Arab Emirates,2025-05-17
8211,United Arab Emirates,2024-04-06
8212,United States,2024-08-31
8213,United Arab Emirates,2025-01-19
8214,United States,2023-06-22
8215,United Kingdom,2023-10-28
8216,United States,2024-08-22
8217,United States,2025-06-29
8218,United Kingdom,2025-05-12
8219,United Arab Emirates,2024-06-12
8220,United States,2023-05-20
8221,Germany,2025-02-04
8222,United Arab Emirates,2023-10-05
8223,United Arab Emirates,2024-10-24
8224,Germany,2024-05-25
8225,United Kingdom,2023-12-12
8226,United States,2025-04-25
8227,United Kingdom,2023-05-20
8228,United Arab Emirates,2023-04-24
8229,United States,2024-08-02
8230,United States,2024-05-21
8231,United Arab Emirates,2024-01-01
8232,United Kingdom,2024-11-21
8233,United States,2024-09-28
8234,United States,2024-02-01
8235,United Arab Emirates,2025-04-04
8236,United States,2025-04-02
8237,United States,2025-04-29
8238,United States,2025-05-24
8239,United States,2025-07-12
8240,United Arab Emirates,2025-05-19
8241,United States,2025-01-14
8242,United States,2025-07-28
8243,United Arab Emirates,2024-10-20
8244,United Kingdom,2025-07-30
8245,United Kingdom,2023-04-21
8246,United States,2025-05-24
8247,United Arab Emirates,2023-12-24
8248,United States,2023-08-26
8249,Japan,2023-01-03
8250,United States,2024-12-23
8251,Japan,2024-02-08
8252,Japan,2023-01-25
8253,United Arab Emirates,2025-04-22
8254,United States,2024-05-23
8255,United Kingdom,2024-11-26
8256,Germany,2024-04-09
8257,United Arab Emirates,2023-03-02
8258,Japan,2024-05-22
8259,United States,2023-05-03
8260,United States,2024-05-11
8261,United Arab Emirates,2023-02-24
8262,United Arab Emirates,2023-06-12
8263,United States,2025-08-31
8264,United Arab Emirates,2024-11-29
8265,Germany,2023-02-08
8266,United Arab Emirates,2024-11-27
8267,United States,2023-03-24
8268,United Kingdom,2024-12-07
8269,United States,2024-06-29
8270,United States,2023-04-23
8271,United Kingdom,2024-02-29
8272,United Arab Emirates,2025-07-06
8273,United Arab Emirates,2023-08-18
8274,United States,2023-10-10
8275,United States,2025-07-05
8276,United States,2025-07-25
8277,United States,2023-10-14
8278,United Kingdom,2023-06-04
8279,United Kingdom,2023-06-14
8280,United Arab Emirates,2025-08-19
8281,United Kingdom,2023-07-01
8282,Japan,2023-08-27
8283,Germany,2024-10-10
8284,United Kingdom,2023-12-05
8285,United States,2025-07-26
8286,Germany,2024-05-26
8287,United Kingdom,2025-07-20
8288,United Arab Emirates,2023-09-23
8289,United Arab Emirates,2023-07-06
8290,United States,2023-02-09
8291,Japan,2025-04-01
8292,United States,2024-05-07
8293,United Arab Emirates,2024-11-09
8294,United Arab Emirates,2024-01-26
8295,United States,2023-09-17
8296,Germany,2024-10-16
8297,United States,2024-12-16
8298,United States,2023-06-25
8299,United Arab Emirates,2025-02-12
8300,Germany,2025-02-02
8301,United States,2023-11-25
8302,United Arab Emirates,2025-07-19
8303,United States,2023-07-19
8304,United Arab Emirates,2024-12-11
8305,United Arab Emirates,2023-07-15
8306,United Arab Emirates,2025-04-05
8307,United Arab Emirates,2024-08-11
8308,United Kingdom,2024-06-14
8309,United Kingdom,2023-03-03
8310,United States,2023-11-23
8311,United Kingdom,2025-06-24
8312,United Arab Emirates,2023-10-08
8313,United Arab Emirates,2025-07-28
8314,United States,2025-01-31
8315,United Kingdom,2023-08-15
8316,United Arab Emirates,2024-09-30
8317,Germany,2023-02-27
8318,United States,2025-07-09
8319,Germany,2024-04-21
8320,United Kingdom,2024-01-11
8321,United Arab Emirates,2024-12-16
8322,United States,2023-08-31
8323,United Arab Emirates,2024-01-02
8324,United Kingdom,2025-07-24
8325,United Arab Emirates,2025-04-23
8326,Germany,2024-05-14
8327,United Arab Emirates,2025-04-17
8328,Japan,2023-09-09
8329,Germany,2025-06-24
8330,United Kingdom,2023-11-18
8331,United States,2024-01-11
8332,United States,2024-02-13
8333,Germany,2024-12-11
8334,United Kingdom,2024-05-02
8335,United States,2023-12-09
8336,United Kingdom,2023-08-28
8337,Japan,2023-05-19
8338,United Kingdom,2023-05-02
8339,United Kingdom,2024-02-24
8340,United States,2024-07-14
8341,Germany,2023-10-31
8342,United States,2023-04-25
8343,United Arab Emirates,2023-12-09
8344,United Kingdom,2023-09-08
8345,Japan,2023-01-07
8346,United States,2024-12-31
8347,Germany,2024-08-11
8348,United Arab Emirates,2023-06-28
8349,United Kingdom,2023-05-25
8350,United States,2024-02-20
8351,Germany,2024-10-27
8352,United Arab Emirates,2023-05-01
8353,Germany,2023-05-04
8354,United States,2023-05-30
8355,United Arab Emirates,2024-02-01
8356,United Kingdom,2024-01-16
8357,United Arab Emirates,2025-02-18
8358,United States,2025-04-18
8359,United Arab Emirates,2023-01-01
8360,United Arab Emirates,2024-11-03
8361,Germany,2023-09-01
8362,United Arab Emirates,2025-06-05
8363,United Arab Emirates,2024-02-02
8364,United Kingdom,2023-09-08
8365,United States,2025-05-28
8366,United States,2024-07-29
8367,United Kingdom,2023-10-26
8368,United States,2025-01-29
8369,United States,2025-08-11
8370,United Arab Emirates,2023-10-24
8371,United Arab Emirates,2025-09-03
8372,United Kingdom,2025-08-21
8373,United Kingdom,2024-05-14
8374,United States,2023-04-25
8375,United States,2025-03-17
8376,United Kingdom,2023-01-01
8377,United Arab Emirates,2024-07-06
8378,United Arab Emirates,2024-11-15
8379,United States,2024-08-22
8380,United Kingdom,2024-04-26
8381,United States,2024-09-01
8382,United Arab Emirates,2024-08-22
8383,United States,2025-02-01
8384,Germany,2024-05-24
8385,United Arab Emirates,2023-12-01
8386,United Kingdom,2024-04-09
8387,Japan,2023-05-21
8388,United Kingdom,2024-08-05
8389,United States,2023-05-17
8390,United Arab Emirates,2025-08-16
8391,United States,2024-09-02
8392,United Arab Emirates,2024-10-24
8393,Japan,2025-08-07
8394,United States,2024-11-17
8395,United States,2023-06-16
8396,United States,2023-12-09
8397,United States,2024-02-14
8398,United Kingdom,2025-02-07
8399,Germany,2025-06-28
8400,Japan,2025-01-05
8401,United Kingdom,2025-05-29
8402,Japan,2025-04-21
8403,United States,2023-03-06
8404,United States,2024-08-03
8405,United Kingdom,2023-03-08
8406,United Arab Emirates,2024-03-08
8407,United Arab Emirates,2023-02-19
8408,United Arab Emirates,2023-11-10
8409,United States,2023-11-05
8410,United Kingdom,2024-08-25
8411,United Kingdom,2023-04-25
8412,Japan,2025-06-04
8413,United Kingdom,2024-07-22
8414,United Kingdom,2023-12-08
8415,United Arab Emirates,2024-06-13
8416,United Arab Emirates,2025-02-22
8417,United States,2024-10-03
8418,United States,2024-05-09
8419,United States,2023-09-26
8420,United Arab Emirates,2025-07-29
8421,United States,2023-03-21
8422,United Arab Emirates,2024-03-31
8423,United Arab Emirates,2023-10-26
8424,United Arab Emirates,2025-08-25
8425,United Arab Emirates,2025-04-01
8426,United Kingdom,2023-07-21
8427,United Arab Emirates,2024-05-17
8428,Japan,2025-01-06
8429,United Kingdom,2024-11-01
8430,United Arab Emirates,2024-12-16
8431,United Arab Emirates,2024-10-10
8432,United States,2024-04-29
8433,United Arab Emirates,2024-08-07
8434,Germany,2024-07-13
8435,Japan,2023-01-18
8436,United Arab Emirates,2024-04-22
8437,United Kingdom,2025-09-18
8438,United Arab Emirates,2024-05-02
8439,United States,2025-09-09
8440,United Kingdom,2025-02-17
8441,United Arab Emirates,2024-03-21
8442,United Arab Emirates,2023-12-06
8443,United States,2024-06-14
8444,United Kingdom,2024-09-03
8445,United Arab Emirates,2023-04-26
8446,United States,2025-05-07
8447,United States,2023-03-15
8448,Germany,2025-03-02
8449,United Arab Emirates,2023-09-26
8450,United States,2024-09-28
8451,United States,2023-04-26
8452,United Arab Emirates,2024-11-16
8453,United States,2024-11-23
8454,United Kingdom,2025-01-07
8455,Japan,2024-10-30
8456,United Arab Emirates,2023-06-13
8457,United States,2024-08-05
8458,United Kingdom,2023-08-10
8459,Japan,2023-05-06
8460,United Kingdom,2024-10-18
8461,Japan,2023-06-25
8462,Japan,2025-08-30
8463,United Arab Emirates,2024-10-25
8464,Germany,2024-11-24
8465,Japan,2024-01-10
8466,United Arab Emirates,2025-09-17
8467,United Kingdom,2025-05-08
8468,United States,2024-05-12
8469,United Arab Emirates,2023-03-26
8470,United Arab Emirates,2025-05-25
8471,United Arab Emirates,2024-01-18
8472,United Arab Emirates,2024-09-24
8473,United Kingdom,2024-10-02
8474,United Arab Emirates,2024-04-07
8475,Germany,2024-03-26
8476,United States,2024-06-01
8477,United Arab Emirates,2025-04-25
8478,United States,2024-11-25
8479,United States,2024-07-03
8480,Japan,2025-07-17
8481,United Arab Emirates,2023-04-26
8482,United Arab Emirates,2024-09-05
8483,Japan,2023-01-08
8484,Japan,2023-08-06
8485,United States,2024-12-19
8486,United States,2024-08-12
8487,United Arab Emirates,2025-05-29
8488,United States,2024-02-08
8489,United Arab Emirates,2024-07-20
8490,United Arab Emirates,2023-10-31
8491,Germany,2024-04-11
8492,United Arab Emirates,2025-08-09
8493,United Kingdom,2025-09-19
8494,Japan,2025-01-09
8495,United Arab Emirates,2023-03-29
8496,Japan,2023-01-10
8497,Japan,2023-11-04
8498,United States,2024-03-09
8499,United Arab Emirates,2025-03-12
8500,United Kingdom,2023-06-13
8501,United Kingdom,2023-08-27
8502,United Kingdom,2023-11-13
8503,United Arab Emirates,2025-09-22
8504,Japan,2024-10-17
8505,United Arab Emirates,2023-12-01
8506,United States,2023-01-18
8507,United Arab Emirates,2023-03-12
8508,United States,2023-06-24
8509,Japan,2025-05-03
8510,United Arab Emirates,2025-03-10
8511,United Arab Emirates,2025-03-21
8512,United States,2023-12-05
8513,United States,2025-07-24
8514,United States,2023-09-05
8515,United Kingdom,2023-07-12
8516,United Arab Emirates,2024-02-23
8517,Japan,2023-11-21
8518,Japan,2023-11-02
8519,United Kingdom,2025-02-18
8520,Germany,2023-07-23
8521,United Kingdom,2025-05-02
8522,United Kingdom,2023-05-03
8523,United Arab Emirates,2024-07-23
8524,United Kingdom,2025-04-30
8525,United States,2024-03-22
8526,United Arab Emirates,2024-12-13
8527,United Kingdom,2024-05-05
8528,United States,2024-03-08
8529,United States,2024-09-15
8530,United States,2023-05-08
8531,Japan,2024-07-01
8532,United Arab Emirates,2025-01-15
8533,United States,2025-04-01
8534,United States,2023-02-16
8535,United States,2024-05-19
8536,United Kingdom,2023-04-25
8537,United Arab Emirates,2024-02-20
8538,Germany,2025-02-05
8539,United Kingdom,2025-09-21
8540,Germany,2023-08-11
8541,United States,2024-09-27
8542,United States,2025-08-06
8543,Germany,2024-05-17
8544,United States,2024-11-02
8545,United Kingdom,2025-08-15
8546,United States,2025-07-21
8547,Germany,2023-04-06
8548,United Kingdom,2023-04-17
8549,United Kingdom,2024-09-23
8550,United Arab Emirates,2024-09-04
8551,Japan,2024-09-06
8552,United Arab Emirates,2024-11-08
8553,United States,2025-07-14
8554,United Kingdom,2024-11-28
8555,United Kingdom,2023-02-01
8556,United States,2024-05-07
8557,United Arab Emirates,2023-03-07
8558,United States,2023-06-28
8559,United States,2025-02-17
8560,Germany,2024-03-18
8561,United Arab Emirates,2025-07-04
8562,Germany,2024-07-02
8563,United States,2023-07-20
8564,Germany,2025-05-19
8565,United Kingdom,2023-02-18
8566,United States,2025-02-25
8567,Japan,2025-08-08
8568,Germany,2024-11-10
8569,United Kingdom,2023-09-20
8570,United Arab Emirates,2023-05-13
8571,United Kingdom,2025-03-20
8572,United Kingdom,2023-12-10
8573,United Arab Emirates,2023-06-25
8574,United Arab Emirates,2024-01-26
8575,Germany,2023-01-11
8576,United Arab Emirates,2023-07-20
8577,United States,2025-08-02
8578,United Arab Emirates,2025-07-14
8579,United Kingdom,2025-03-19
8580,United Arab Emirates,2023-01-03
8581,United Arab Emirates,2023-08-02
8582,United States,2025-03-18
8583,Germany,2023-11-03
8584,United Arab Emirates,2025-09-06
8585,United Kingdom,2024-06-27
8586,United Kingdom,2024-07-13
8587,Germany,2023-11-23
8588,United States,2025-02-02
8589,United States,2023-07-18
8590,United States,2025-07-04
8591,Germany,2024-08-23
8592,United Arab Emirates,2023-04-19
8593,United Kingdom,2023-10-18
8594,Japan,2023-04-18
8595,United States,2024-02-12
8596,United States,2024-07-05
8597,United States,2025-08-30
8598,United Kingdom,2023-02-21
8599,United States,2023-04-22
8600,United States,2023-10-22
8601,United Kingdom,2024-08-02
8602,United States,2023-07-08
8603,Germany,2025-04-23
8604,United Arab Emirates,2024-12-21
8605,United Kingdom,2023-03-06
8606,United Kingdom,2024-07-27
8607,United States,2024-04-09
8608,United Arab Emirates,2023-09-15
8609,United States,2024-10-07
8610,Germany,2024-09-25
8611,United Kingdom,2023-11-27
8612,Japan,2024-05-15
8613,Japan,2024-11-13
8614,United Arab Emirates,2023-07-29
8615,United Arab Emirates,2025-03-18
8616,Japan,2023-03-30
8617,Japan,2024-11-09
8618,United Arab Emirates,2023-01-28
8619,United Arab Emirates,2023-08-26
8620,United Arab Emirates,2023-12-02
8621,Japan,2023-03-04
8622,United Arab Emirates,2025-08-17
8623,United States,2025-02-05
8624,Germany,2025-06-26
8625,United Arab Emirates,2024-07-06
8626,United States,2024-05-14
8627,United Arab Emirates,2024-06-24
8628,Germany,2025-03-01
8629,United Arab Emirates,2024-04-13
8630,United States,2024-08-14
8631,United States,2023-02-20
8632,United Arab Emirates,2023-04-22
8633,United Arab Emirates,2025-05-22
8634,United Kingdom,2023-10-28
8635,United Arab Emirates,2023-03-31
8636,Germany,2023-08-17
8637,Germany,2023-05-30
8638,United Kingdom,2025-01-24
8639,United States,2023-05-18
8640,United States,2023-05-15
8641,Germany,2024-04-01
8642,United Kingdom,2024-08-23
8643,United Arab Emirates,2024-05-08
8644,United Arab Emirates,2024-06-10
8645,United States,2023-11-29
8646,United Kingdom,2023-12-28
8647,United Kingdom,2023-06-23
8648,United Arab Emirates,2024-08-24
8649,United States,2023-08-01
8650,United Arab Emirates,2023-12-09
8651,United Arab Emirates,2023-03-02
8652,United Kingdom,2025-05-25
8653,United Arab Emirates,2025-01-01
8654,United States,2023-03-02
8655,United Kingdom,2025-03-29
8656,United Kingdom,2024-11-08
8657,United States,2024-06-07
8658,United Arab Emirates,2023-08-04
8659,United Arab Emirates,2024-08-11
8660,Germany,2025-01-13
8661,United Kingdom,2024-09-15
8662,United Kingdom,2024-07-31
8663,United Arab Emirates,2024-11-24
8664,United Kingdom,2024-02-27
8665,United States,2024-12-16
8666,United States,2024-02-27
8667,United States,2024-01-06
8668,United Arab Emirates,2023-07-25
8669,United Arab Emirates,2023-10-13
8670,Germany,2023-04-15
8671,Japan,2025-01-23
8672,United Arab Emirates,2025-01-16
8673,United Kingdom,2024-11-18
8674,United Arab Emirates,2024-12-23
8675,United Arab Emirates,2024-06-26
8676,United Kingdom,2025-01-16
8677,United Arab Emirates,2023-08-30
8678,United States,2024-05-05
8679,United States,2024-10-26
8680,United Arab Emirates,2024-12-08
8681,United Arab Emirates,2024-05-12
8682,Germany,2024-03-10
8683,United Arab Emirates,2025-02-19
8684,United States,2024-04-28
8685,United Kingdom,2024-03-22
8686,United States,2024-01-19
8687,United Kingdom,2024-05-24
8688,United Arab Emirates,2023-06-19
8689,United Arab Emirates,2025-08-07
8690,United Arab Emirates,2025-05-18
8691,United Kingdom,2023-11-19
8692,United States,2025-04-27
8693,United Arab Emirates,2024-04-18
8694,United Arab Emirates,2023-08-20
8695,United States,2024-11-26
8696,United States,2023-12-25
8697,Japan,2023-10-02
8698,United States,2025-07-30
8699,United Kingdom,2025-06-29
8700,United States,2023-02-01
8701,Japan,2023-06-26
8702,Germany,2025-07-05
8703,United Kingdom,2023-03-06
8704,United Arab Emirates,2024-12-10
8705,United Arab Emirates,2023-01-27
8706,United States,2024-10-24
8707,United States,2025-03-25
8708,United States,2024-04-23
8709,United Arab Emirates,2023-09-25
8710,United States,2024-08-19
8711,Germany,2023-03-07
8712,United Arab Emirates,2023-05-13
8713,United States,2025-06-23
8714,United Kingdom,2025-07-04
8715,Germany,2024-01-01
8716,Germany,2023-03-23
8717,United States,2025-06-11
8718,United States,2025-04-10
8719,Germany,2025-09-08
8720,United Kingdom,2023-11-24
8721,United Kingdom,2023-04-08
8722,United States,2024-08-07
8723,United Arab Emirates,2023-11-23
8724,United Kingdom,2024-06-25
8725,Germany,2023-05-05
8726,United States,2023-07-29
8727,United Kingdom,2025-09-13
8728,United Arab Emirates,2025-02-22
8729,United Kingdom,2024-12-25
8730,United Arab Emirates,2023-05-13
8731,United Arab Emirates,2024-05-17
8732,United States,2023-06-06
8733,United Arab Emirates,2024-07-12
8734,United Kingdom,2025-05-18
8735,United Kingdom,2025-05-24
8736,Japan,2024-01-17
8737,United Kingdom,2023-01-22
8738,United Arab Emirates,2025-08-31
8739,United Arab Emirates,2025-08-10
8740,United States,2024-08-17
8741,United States,2024-02-23
8742,United Kingdom,2024-04-16
8743,United Kingdom,2023-08-22
8744,United Arab Emirates,2024-07-25
8745,United States,2024-03-29
8746,United States,2024-11-30
8747,United Arab Emirates,2024-07-23
8748,United Arab Emirates,2025-02-09
8749,United Arab Emirates,2023-06-11
8750,United Arab Emirates,2023-10-28
8751,United States,2023-11-02
8752,United Arab Emirates,2023-01-02
8753,United Arab Emirates,2023-09-28
8754,United Arab Emirates,2024-02-25
8755,Japan,2023-05-23
8756,Germany,2024-11-30
8757,United Arab Emirates,2025-05-13
8758,United Kingdom,2025-05-02
8759,United Arab Emirates,2025-08-17
8760,United Kingdom,2025-09-03
8761,United Arab Emirates,2025-09-20
8762,United States,2025-01-05
8763,United States,2025-05-28
8764,Germany,2024-11-22
8765,United Arab Emirates,2024-06-18
8766,Germany,2025-05-16
8767,United States,2023-02-06
8768,United Arab Emirates,2023-04-17
8769,United Kingdom,2023-10-24
8770,United Arab Emirates,2025-01-10
8771,United Arab Emirates,2025-04-04
8772,United Arab Emirates,2023-04-07
8773,United States,2023-10-08
8774,United Kingdom,2023-04-20
8775,Japan,2024-07-02
8776,United Arab Emirates,2024-07-05
8777,Japan,2024-08-19
8778,United Arab Emirates,2025-03-24
8779,United States,2023-07-07
8780,United Kingdom,2025-01-21
8781,United Arab Emirates,2025-05-19
8782,Germany,2024-05-02
8783,United Kingdom,2023-12-20
8784,United States,2023-01-19
8785,United States,2025-05-08
8786,United Kingdom,2024-01-28
8787,United Kingdom,2025-04-16
8788,United States,2023-09-18
8789,United Arab Emirates,2025-09-11
8790,United States,2024-02-14
8791,Germany,2024-02-07
8792,United Arab Emirates,2024-10-31
8793,United Arab Emirates,2024-04-28
8794,United States,2023-10-31
8795,United Kingdom,2024-09-15
8796,United Kingdom,2024-10-17
8797,United Arab Emirates,2025-02-06
8798,United States,2025-08-24
8799,United Arab Emirates,2023-01-18
8800,United Kingdom,2023-07-03
8801,United States,2024-02-09
8802,United Arab Emirates,2025-03-09
8803,United Kingdom,2025-06-15
8804,Japan,2023-05-11
8805,United States,2024-04-23
8806,Germany,2025-03-03
8807,United Kingdom,2025-01-26
8808,United States,2023-01-08
8809,United Arab Emirates,2024-12-05
8810,United Arab Emirates,2023-11-14
8811,United Arab Emirates,2024-01-26
8812,United Kingdom,2024-06-02
8813,Germany,2023-05-16
8814,United Kingdom,2024-06-14
8815,United States,2025-07-01
8816,United States,2024-10-12
8817,United States,2024-01-02
8818,United Kingdom,2024-05-03
8819,United States,2024-11-19
8820,United Kingdom,2023-01-11
8821,United Arab Emirates,2025-09-24
8822,Japan,2024-07-06
8823,United Arab Emirates,2024-03-21
8824,United Arab Emirates,2023-04-24
8825,Germany,2024-11-22
8826,United Kingdom,2024-12-06
8827,United States,2023-07-15
8828,United Kingdom,2025-05-09
8829,United Kingdom,2025-01-06
8830,United Arab Emirates,2025-04-22
8831,United Kingdom,2023-11-19
8832,United Kingdom,2025-07-24
8833,United States,2025-02-11
8834,United States,2024-05-26
8835,Japan,2024-09-19
8836,United Arab Emirates,2025-09-07
8837,United States,2024-10-23
8838,United States,2024-09-21
8839,Japan,2023-06-14
8840,United Arab Emirates,2023-09-09
8841,United States,2025-02-17
8842,Germany,2023-02-13
8843,United Arab Emirates,2024-04-14
8844,Germany,2024-05-03
8845,United Arab Emirates,2023-06-30
8846,United States,2023-03-18
8847,Japan,2024-01-09
8848,United States,2024-09-19
8849,United Kingdom,2025-08-14
8850,United Arab Emirates,2023-03-08
8851,Japan,2024-06-08
8852,United Kingdom,2023-04-02
8853,United Arab Emirates,2025-01-27
8854,United States,2025-02-17
8855,United Kingdom,2024-10-12
8856,United Arab Emirates,2025-05-02
8857,United Arab Emirates,2023-09-01
8858,United Arab Emirates,2023-12-07
8859,United States,2025-06-21
8860,United States,2025-02-23
8861,United States,2023-10-31
8862,Germany,2024-02-02
8863,Germany,2024-12-03
8864,United States,2024-03-23
8865,United Arab Emirates,2023-04-07
8866,United States,2023-11-27
8867,United Kingdom,2023-07-24
8868,United States,2024-03-24
8869,United States,2024-02-22
8870,United Kingdom,2024-10-10
8871,Japan,2023-03-18
8872,United Arab Emirates,2025-06-14
8873,United States,2024-07-02
8874,United Arab Emirates,2025-03-08
8875,Japan,2024-02-29
8876,United Arab Emirates,2024-03-04
8877,United Arab Emirates,2024-04-29
8878,United Kingdom,2025-03-25
8879,United Kingdom,2023-05-15
8880,United Arab Emirates,2024-10-15
8881,United States,2023-09-11
8882,United Kingdom,2024-07-13
8883,United Arab Emirates,2023-09-12
8884,United Kingdom,2024-10-07
8885,Germany,2025-03-12
8886,United States,2024-12-20
8887,United States,2024-05-13
8888,United States,2024-09-04
8889,United Kingdom,2024-04-28
8890,United Arab Emirates,2023-02-15
8891,United Arab Emirates,2024-03-18
8892,Germany,2024-08-04
8893,Japan,2024-10-09
8894,United Kingdom,2025-03-02
8895,United Arab Emirates,2024-08-01
8896,United Arab Emirates,2023-01-04
8897,United Kingdom,2025-01-05
8898,United States,2023-01-01
8899,United Arab Emirates,2023-10-17
8900,Japan,2023-04-19
8901,United Kingdom,2025-02-15
8902,Japan,2024-07-28
8903,United States,2024-04-04
8904,United States,2023-09-23
8905,United States,2023-05-18
8906,United States,2024-03-09
8907,United States,2023-02-13
8908,United States,2025-06-04
8909,United States,2024-05-24
8910,Japan,2025-08-01
8911,United States,2025-09-09
8912,United States,2023-09-19
8913,Germany,2024-12-28
8914,United Arab Emirates,2024-09-24
8915,United Arab Emirates,2023-06-01
8916,United Kingdom,2023-08-01
8917,United States,2023-08-22
8918,Germany,2025-05-12
8919,United Kingdom,2024-09-14
8920,United States,2025-08-11
8921,United States,2023-12-27
8922,United Arab Emirates,2023-11-16
8923,United States,2023-08-10
8924,Germany,2025-08-09
8925,United Arab Emirates,2025-01-07
8926,United States,2023-07-29
8927,United States,2024-01-31
8928,United Arab Emirates,2025-07-19
8929,United Arab Emirates,2024-08-05
8930,Japan,2024-05-03
8931,United Kingdom,2025-05-21
8932,United Arab Emirates,2024-08-23
8933,United Arab Emirates,2025-02-12
8934,United States,2025-08-18
8935,United States,2025-05-27
8936,United States,2024-04-08
8937,United Arab Emirates,2024-11-30
8938,Germany,2024-09-15
8939,United Kingdom,2024-03-27
8940,United Kingdom,2024-02-17
8941,United Kingdom,2025-07-22
8942,United Kingdom,2025-01-20
8943,Germany,2024-04-20
8944,Japan,2023-09-13
8945,United Kingdom,2023-05-30
8946,Germany,2023-05-07
8947,United States,2024-01-27
8948,Japan,2025-04-10
8949,United Arab Emirates,2024-04-24
8950,United States,2025-09-19
8951,United Arab Emirates,2024-02-01
8952,Germany,2025-07-11
8953,United Arab Emirates,2024-02-06
8954,United States,2023-10-01
8955,United Kingdom,2025-04-24
8956,United Kingdom,2025-09-08
8957,United States,2025-08-15
8958,Germany,2025-06-28
8959,United States,2023-05-19
8960,Germany,2023-04-13
8961,United Arab Emirates,2023-08-30
8962,United States,2023-04-27
8963,United Kingdom,2023-08-02
8964,United Arab Emirates,2024-04-28
8965,United States,2024-06-12
8966,United States,2024-11-21
8967,United States,2023-08-12
8968,United States,2023-09-27
8969,United States,2025-04-04
8970,United Arab Emirates,2025-05-10
8971,United Arab Emirates,2023-05-14
8972,United States,2023-04-24
8973,United Arab Emirates,2024-03-16
8974,United Arab Emirates,2024-10-05
8975,United Kingdom,2024-10-12
8976,United States,2023-12-31
8977,United Kingdom,2023-08-20
8978,United States,2024-04-02
8979,United States,2024-01-10
8980,United Kingdom,2024-08-26
8981,United States,2025-02-17
8982,United States,2024-09-02
8983,United States,2023-07-26
8984,United States,2024-06-03
8985,United Arab Emirates,2024-04-12
8986,United States,2025-05-31
8987,United Kingdom,2024-03-18
8988,Japan,2025-07-05
8989,Germany,2023-11-17
8990,United States,2023-04-03
8991,United Arab Emirates,2024-02-12
8992,United Arab Emirates,2023-06-07
8993,United Kingdom,2025-05-21
8994,United Kingdom,2023-04-09
8995,United Arab Emirates,2023-08-13
8996,United States,2025-05-01
8997,United Arab Emirates,2024-03-16
8998,Japan,2024-12-20
8999,United Arab Emirates,2024-08-07
9000,Japan,2025-09-17
9001,Japan,2024-02-05
9002,United States,2024-07-24
9003,United States,2025-03-09
9004,United Kingdom,2023-03-05
9005,United States,2025-02-06
9006,United Kingdom,2024-07-13
9007,United Kingdom,2023-10-06
9008,United States,2024-12-10
9009,United Kingdom,2024-10-31
9010,United States,2025-04-02
9011,United Arab Emirates,2024-06-02
9012,United Kingdom,2023-09-05
9013,United Arab Emirates,2024-01-03
9014,United Arab Emirates,2025-01-13
9015,United Arab Emirates,2024-09-09
9016,United Arab Emirates,2025-08-28
9017,United Arab Emirates,2023-04-08
9018,Germany,2023-09-25
9019,United Arab Emirates,2023-03-01
9020,United States,2024-05-14
9021,United Arab Emirates,2023-11-04
9022,Germany,2024-05-07
9023,United Kingdom,2024-02-15
9024,United Kingdom,2023-05-20
9025,United States,2025-06-27
9026,United Kingdom,2023-11-24
9027,United States,2024-04-08
9028,United Arab Emirates,2024-12-02
9029,Japan,2024-09-28
9030,United Kingdom,2025-07-13
9031,United Kingdom,2023-06-12
9032,United States,2023-03-01
9033,United Kingdom,2025-07-13
9034,Germany,2023-01-31
9035,United Kingdom,2023-11-29
9036,United States,2023-03-17
9037,United Arab Emirates,2025-01-24
9038,Germany,2023-11-13
9039,United States,2025-02-08
9040,United Arab Emirates,2024-02-21
9041,United Arab Emirates,2025-08-25
9042,United Kingdom,2023-07-09
9043,Japan,2024-05-03
9044,United Arab Emirates,2025-06-07
9045,United Kingdom,2023-11-11
9046,United Arab Emirates,2023-10-23
9047,United Kingdom,2024-05-15
9048,United States,2023-06-26
9049,Japan,2025-03-10
9050,United States,2025-03-16
9051,Germany,2025-05-09
9052,United States,2024-12-19
9053,United Arab Emirates,2023-08-03
9054,United Kingdom,2025-05-05
9055,United States,2024-10-14
9056,Japan,2024-08-19
9057,Germany,2024-11-24
9058,United Arab Emirates,2023-11-28
9059,United Arab Emirates,2023-05-08
9060,United Arab Emirates,2023-09-26
9061,Japan,2024-07-04
9062,Germany,2024-06-18
9063,United States,2025-01-23
9064,United Kingdom,2024-01-01
9065,United States,2024-09-10
9066,United Kingdom,2023-12-14
9067,United Arab Emirates,2023-05-22
9068,United States,2023-05-25
9069,United Arab Emirates,2025-03-02
9070,United Arab Emirates,2023-09-02
9071,Germany,2024-03-17
9072,United States,2024-12-03
9073,United Kingdom,2023-10-17
9074,United States,2024-11-21
9075,United Kingdom,2023-04-22
9076,United States,2023-08-02
9077,United States,2024-10-11
9078,United States,2025-06-04
9079,United States,2023-07-19
9080,United Arab Emirates,2024-02-09
9081,United Kingdom,2024-02-25
9082,United Kingdom,2023-01-07
9083,United Kingdom,2025-05-07
9084,United States,2024-06-08
9085,United Kingdom,2024-08-14
9086,United Arab Emirates,2023-10-13
9087,United Kingdom,2024-11-01
9088,Japan,2024-01-24
9089,United Arab Emirates,2024-02-20
9090,United States,2025-02-22
9091,United Kingdom,2024-12-13
9092,United Arab Emirates,2023-05-30
9093,United Kingdom,2025-08-17
9094,United States,2024-03-03
9095,United States,2025-03-18
9096,Germany,2023-10-20
9097,United Arab Emirates,2023-11-30
9098,United Arab Emirates,2023-09-29
9099,Japan,2023-02-12
9100,United Kingdom,2024-04-12
9101,United States,2023-11-15
9102,United States,2024-05-06
9103,United Kingdom,2024-06-10
9104,United States,2025-01-29
9105,United Arab Emirates,2023-06-21
9106,United Arab Emirates,2024-12-30
9107,United Arab Emirates,2024-10-10
9108,Germany,2023-11-17
9109,United Arab Emirates,2025-01-08
9110,United States,2023-02-13
9111,Japan,2024-06-15
9112,United States,2024-09-22
9113,United States,2024-03-29
9114,United Kingdom,2025-01-15
9115,United Kingdom,2025-08-27
9116,United Kingdom,2025-05-29
9117,United States,2025-06-09
9118,Japan,2025-07-17
9119,Japan,2025-04-27
9120,Germany,2025-05-17
9121,Germany,2025-02-12
9122,United Kingdom,2023-03-24
9123,United States,2024-06-26
9124,Germany,2023-11-18
9125,United Kingdom,2025-02-24
9126,Japan,2023-08-22
9127,United Kingdom,2024-06-23
9128,United States,2023-09-09
9129,United States,2025-04-15
9130,Japan,2025-02-03
9131,United Arab Emirates,2024-03-24
9132,United States,2023-08-27
9133,United States,2024-05-04
9134,United Arab Emirates,2025-05-31
9135,United States,2024-04-08
9136,United States,2025-07-29
9137,United States,2023-11-10
9138,United Kingdom,2023-06-24
9139,United Kingdom,2024-12-06
9140,United States,2023-06-29
9141,United Kingdom,2025-07-20
9142,United Arab Emirates,2024-01-20
9143,Japan,2023-10-22
9144,United States,2023-08-03
9145,United States,2025-09-12
9146,United Kingdom,2024-12-15
9147,United Kingdom,2025-01-31
9148,United Kingdom,2025-05-23
9149,United Kingdom,2025-02-07
9150,United States,2023-03-16
9151,United States,2023-12-10
9152,United Kingdom,2024-12-14
9153,United Arab Emirates,2023-05-22
9154,United Kingdom,2024-12-18
9155,United Arab Emirates,2023-07-18
9156,United Arab Emirates,2025-07-07
9157,Japan,2023-06-20
9158,United States,2024-02-10
9159,United States,2025-04-07
9160,United Kingdom,2023-08-16
9161,Japan,2024-02-15
9162,United States,2025-08-09
9163,United States,2025-06-16
9164,United Kingdom,2025-07-23
9165,Japan,2024-11-21
9166,Germany,2025-05-27
9167,Germany,2025-02-25
9168,United Arab Emirates,2023-03-03
9169,United Arab Emirates,2023-11-23
9170,United Arab Emirates,2024-12-16
9171,United Arab Emirates,2025-08-20
9172,Germany,2025-08-16
9173,United Arab Emirates,2025-05-28
9174,United Arab Emirates,2023-05-13
9175,United Arab Emirates,2024-08-06
9176,United Arab Emirates,2024-08-12
9177,United Arab Emirates,2023-07-08
9178,United States,2023-12-22
9179,United States,2023-03-12
9180,United Arab Emirates,2023-09-20
9181,United Kingdom,2023-11-02
9182,United Kingdom,2024-07-11
9183,United Arab Emirates,2023-08-12
9184,United States,2023-11-24
9185,United States,2025-01-31
9186,United States,2024-08-10
9187,United States,2023-03-15
9188,United Arab Emirates,2024-05-25
9189,Japan,2023-05-22
9190,Germany,2024-08-07
9191,Japan,2023-04-12
9192,United Arab Emirates,2024-08-28
9193,Japan,2024-08-03
9194,Germany,2023-03-06
9195,Germany,2023-07-12
9196,United Arab Emirates,2025-08-10
9197,United States,2023-03-03
9198,Japan,2024-06-15
9199,United States,2023-08-29
9200,United States,2024-12-15
9201,Japan,2024-02-14
9202,United Kingdom,2023-10-27
9203,United States,2023-07-14
9204,United Kingdom,2024-03-29
9205,Japan,2024-07-27
9206,United Arab Emirates,2024-09-10
9207,United States,2024-09-28
9208,United States,2023-10-28
9209,United States,2025-02-17
9210,United States,2024-03-31
9211,Japan,2025-09-15
9212,Japan,2023-07-21
9213,United Arab Emirates,2024-11-04
9214,United Kingdom,2025-05-05
9215,United Arab Emirates,2023-10-29
9216,United Kingdom,2024-09-15
9217,United States,2023-12-03
9218,Japan,2023-02-01
9219,Germany,2025-08-28
9220,United Arab Emirates,2023-04-08
9221,United Arab Emirates,2025-09-10
9222,United States,2025-01-28
9223,United States,2025-02-11
9224,United Arab Emirates,2023-07-10
9225,Germany,2024-06-24
9226,Japan,2023-02-17
9227,United Kingdom,2023-09-07
9228,Germany,2023-08-14
9229,United Kingdom,2023-09-29
9230,United States,2024-10-26
9231,United Kingdom,2024-04-29
9232,United Arab Emirates,2023-11-24
9233,Japan,2025-03-07
9234,United Kingdom,2023-06-29
9235,United States,2025-03-24
9236,United Kingdom,2024-10-26
9237,United Arab Emirates,2025-01-15
9238,United Arab Emirates,2023-01-23
9239,United Kingdom,2025-07-18
9240,United States,2025-08-20
9241,United Kingdom,2024-08-28
9242,United States,2024-01-05
9243,United States,2023-09-02
9244,United States,2025-03-12
9245,United Kingdom,2023-06-09
9246,Japan,2024-01-08
9247,United Kingdom,2023-10-12
9248,United Kingdom,2024-06-04
9249,United Arab Emirates,2024-03-25
9250,United Kingdom,2024-11-27
9251,United Arab Emirates,2025-03-17
9252,United States,2024-10-08
9253,United Arab Emirates,2024-09-13
9254,United Kingdom,2024-08-03
9255,United States,2023-05-16
9256,United Kingdom,2023-04-06
9257,United Arab Emirates,2023-04-29
9258,United Arab Emirates,2024-01-09
9259,United States,2023-10-01
9260,United Arab Emirates,2025-05-19
9261,United Kingdom,2025-05-27
9262,United States,2025-04-29
9263,United States,2023-06-26
9264,United States,2025-05-22
9265,Germany,2025-01-18
9266,United Arab Emirates,2025-02-22
9267,United Arab Emirates,2023-10-04
9268,United Arab Emirates,2023-05-18
9269,United Arab Emirates,2025-05-23
9270,United Arab Emirates,2023-05-12
9271,United Kingdom,2023-02-13
9272,United States,2023-05-03
9273,United States,2023-05-16
9274,United Kingdom,2024-01-02
9275,United States,2024-01-08
9276,United Kingdom,2023-05-06
9277,United Arab Emirates,2024-03-14
9278,United States,2025-02-25
9279,United Arab Emirates,2024-07-29
9280,United Arab Emirates,2025-03-18
9281,United Kingdom,2025-01-13
9282,Japan,2023-02-20
9283,United States,2023-05-17
9284,United Arab Emirates,2023-06-07
9285,Germany,2023-02-25
9286,United States,2024-08-15
9287,United States,2025-01-13
9288,Germany,2024-03-03
9289,United Kingdom,2024-03-18
9290,United Arab Emirates,2025-06-29
9291,United States,2025-08-21
9292,United States,2023-11-22
9293,United States,2024-10-01
9294,United States,2024-09-29
9295,Japan,2025-04-08
9296,Japan,2023-03-21
9297,Germany,2024-04-18
9298,Germany,2024-01-12
9299,Japan,2025-05-18
9300,United Arab Emirates,2025-07-07
9301,United Arab Emirates,2023-11-29
9302,United Kingdom,2023-06-24
9303,Germany,2024-10-18
9304,United States,2024-03-16
9305,United States,2023-05-06
9306,United Arab Emirates,2024-11-24
9307,United Arab Emirates,2023-08-07
9308,United States,2025-08-05
9309,United Arab Emirates,2023-10-05
9310,United Kingdom,2024-04-29
9311,United Arab Emirates,2024-08-17
9312,United Kingdom,2025-07-23
9313,United States,2025-09-21
9314,United Kingdom,2023-05-21
9315,United States,2025-04-25
9316,United Arab Emirates,2024-08-29
9317,Germany,2025-05-26
9318,United Kingdom,2024-12-06
9319,United States,2023-04-20
9320,United States,2023-02-21
9321,United Arab Emirates,2024-09-06
9322,Germany,2024-09-04
9323,United States,2024-10-15
9324,United Kingdom,2024-12-13
9325,United Arab Emirates,2025-08-27
9326,Japan,2023-11-15
9327,United States,2023-07-18
9328,United Arab Emirates,2025-03-06
9329,United Kingdom,2024-12-29
9330,Germany,2023-02-15
9331,United States,2024-05-19
9332,United States,2024-06-23
9333,United Kingdom,2024-05-28
9334,United States,2025-06-13
9335,United Kingdom,2023-01-17
9336,United Arab Emirates,2023-11-11
9337,United States,2024-03-11
9338,Japan,2024-01-23
9339,United Kingdom,2023-03-18
9340,United Kingdom,2025-09-04
9341,United States,2025-06-17
9342,United States,2024-01-06
9343,Germany,2023-06-14
9344,United States,2024-08-31
9345,United Arab Emirates,2024-09-08
9346,Japan,2023-01-24
9347,United States,2024-12-12
9348,Germany,2023-02-04
9349,United States,2024-05-28
9350,Germany,2025-03-11
9351,United Arab Emirates,2025-04-23
9352,United Kingdom,2025-05-03
9353,Germany,2024-04-05
9354,United Arab Emirates,2023-05-18
9355,United Arab Emirates,2025-04-28
9356,United States,2024-07-27
9357,Germany,2025-03-21
9358,United Arab Emirates,2024-12-09
9359,Germany,2025-06-07
9360,United States,2024-07-24
9361,United States,2023-09-22
9362,Germany,2023-11-29
9363,United Kingdom,2023-07-07
9364,United Arab Emirates,2023-03-04
9365,United Arab Emirates,2025-03-30
9366,United States,2023-10-06
9367,United States,2024-06-25
9368,Germany,2023-06-20
9369,United States,2024-05-17
9370,United States,2025-08-21
9371,United States,2024-06-16
9372,United Arab Emirates,2023-10-26
9373,United Arab Emirates,2023-07-20
9374,Germany,2023-05-15
9375,United Arab Emirates,2023-09-29
9376,United Arab Emirates,2024-06-18
9377,United States,2024-03-17
9378,United Kingdom,2023-03-28
9379,Germany,2023-01-31
9380,United Arab Emirates,2023-05-01
9381,United Arab Emirates,2023-03-10
9382,United Kingdom,2024-10-07
9383,United States,2025-06-01
9384,United Kingdom,2025-08-18
9385,United States,2025-04-06
9386,Germany,2024-05-10
9387,Japan,2025-07-12
9388,United Arab Emirates,2023-05-26
9389,United Kingdom,2025-09-10
9390,United States,2023-11-29
9391,Japan,2024-04-25
9392,Japan,2025-06-24
9393,United Arab Emirates,2023-09-20
9394,United States,2023-10-20
9395,United Kingdom,2025-09-18
9396,United Arab Emirates,2024-03-04
9397,United Arab Emirates,2023-03-27
9398,United Kingdom,2023-01-16
9399,United Kingdom,2024-12-28
9400,United Arab Emirates,2024-09-19
9401,United States,2023-04-28
9402,United Arab Emirates,2023-09-27
9403,United States,2024-01-30
9404,United Kingdom,2025-09-05
9405,United Arab Emirates,2025-05-04
9406,United Kingdom,2023-06-11
9407,United Arab Emirates,2024-11-30
9408,United States,2023-04-14
9409,United Arab Emirates,2024-10-14
9410,United States,2023-06-16
9411,United Arab Emirates,2023-10-27
9412,United States,2023-01-28
9413,United States,2024-02-28
9414,United Arab Emirates,2025-02-22
9415,United Kingdom,2024-07-15
9416,United Arab Emirates,2025-06-01
9417,United States,2023-06-05
9418,United Arab Emirates,2023-11-20
9419,United States,2023-12-14
9420,United States,2023-05-01
9421,Japan,2025-08-13
9422,United States,2024-10-13
9423,United States,2024-06-11
9424,United Kingdom,2025-03-31
9425,Japan,2025-08-07
9426,United States,2024-07-14
9427,United Arab Emirates,2023-06-13
9428,Germany,2023-03-03
9429,United Kingdom,2023-12-06
9430,Germany,2024-10-27
9431,Germany,2023-11-08
9432,United Arab Emirates,2024-01-11
9433,United States,2023-12-12
9434,United Arab Emirates,2023-05-30
9435,United Arab Emirates,2025-06-06
9436,United Arab Emirates,2024-08-07
9437,United States,2024-08-03
9438,United Arab Emirates,2025-09-03
9439,United Arab Emirates,2023-06-26
9440,United States,2023-12-20
9441,United Arab Emirates,2024-05-28
9442,United Arab Emirates,2023-11-05
9443,United Arab Emirates,2023-04-29
9444,United Kingdom,2024-06-02
9445,United Kingdom,2025-02-05
9446,United Arab Emirates,2025-09-22
9447,Japan,2025-08-30
9448,United States,2025-07-04
9449,United Kingdom,2024-04-22
9450,United Kingdom,2024-02-18
9451,United Kingdom,2024-08-09
9452,United States,2023-12-17
9453,United Arab Emirates,2024-05-20
9454,United Arab Emirates,2023-07-14
9455,Germany,2023-07-06
9456,United Arab Emirates,2024-03-25
9457,United Kingdom,2024-05-10
9458,Germany,2024-05-29
9459,United States,2024-11-26
9460,United Kingdom,2025-04-26
9461,United States,2023-09-30
9462,United Arab Emirates,2025-05-29
9463,United States,2023-02-21
9464,United Kingdom,2023-09-20
9465,Germany,2024-01-03
9466,Japan,2023-05-13
9467,Japan,2025-09-20
9468,Japan,2023-08-13
9469,United States,2023-11-06
9470,United Kingdom,2024-07-26
9471,United Kingdom,2025-05-26
9472,United States,2023-01-16
9473,Germany,2025-01-10
9474,United Arab Emirates,2023-07-14
9475,Japan,2025-02-01
9476,Germany,2024-03-18
9477,Japan,2023-10-30
9478,Germany,2023-02-17
9479,United Arab Emirates,2025-01-16
9480,United Arab Emirates,2023-05-01
9481,United Arab Emirates,2024-05-13
9482,United Arab Emirates,2025-04-11
9483,United States,2024-07-15
9484,Germany,2024-04-13
9485,Germany,2023-02-10
9486,United States,2024-03-31
9487,United Arab Emirates,2024-06-17
9488,United Arab Emirates,2024-01-06
9489,United Arab Emirates,2023-07-01
9490,United Kingdom,2024-05-31
9491,United States,2024-10-18
9492,United Arab Emirates,2025-05-18
9493,United Kingdom,2024-08-12
9494,United Arab Emirates,2023-08-19
9495,United States,2025-03-19
9496,United Kingdom,2023-12-14
9497,United Kingdom,2024-04-23
9498,United Kingdom,2023-07-28
9499,Japan,2024-11-05
9500,United Arab Emirates,2024-11-10
9501,United States,2023-10-05
9502,United States,2025-01-18
9503,United States,2024-11-18
9504,Japan,2023-02-22
9505,United Kingdom,2025-05-10
9506,United Kingdom,2023-01-10
9507,United Arab Emirates,2024-10-19
9508,United States,2025-01-08
9509,United Arab Emirates,2025-01-17
9510,United Arab Emirates,2024-04-08
9511,United States,2025-01-23
9512,United States,2025-03-27
9513,United Arab Emirates,2024-08-05
9514,United States,2023-06-07
9515,United States,2023-01-19
9516,United Arab Emirates,2023-02-24
9517,United Kingdom,2025-08-13
9518,United States,2024-12-27
9519,United States,2025-08-25
9520,United Kingdom,2024-12-21
9521,United Kingdom,2023-01-21
9522,United States,2023-10-09
9523,Japan,2025-01-30
9524,United States,2024-06-23
9525,United Arab Emirates,2025-07-23
9526,United Kingdom,2024-02-21
9527,Germany,2025-03-18
9528,United Arab Emirates,2024-12-23
9529,Japan,2023-10-12
9530,Japan,2024-06-15
9531,United Arab Emirates,2024-06-15
9532,Japan,2024-05-25
9533,United Kingdom,2025-04-21
9534,Germany,2024-01-31
9535,United Kingdom,2023-04-30
9536,United Kingdom,2023-04-07
9537,United States,2023-04-30
9538,United States,2024-06-20
9539,United Arab Emirates,2023-06-02
9540,United States,2023-09-02
9541,United Arab Emirates,2025-02-10
9542,United Kingdom,2024-05-30
9543,United Kingdom,2024-01-28
9544,United Kingdom,2023-05-23
9545,United Kingdom,2024-05-18
9546,United Arab Emirates,2025-03-04
9547,United Arab Emirates,2025-04-26
9548,United Arab Emirates,2025-05-07
9549,United Kingdom,2023-08-08
9550,Japan,2025-04-18
9551,United Arab Emirates,2023-06-09
9552,Japan,2023-03-17
9553,United States,2024-09-02
9554,United States,2024-11-22
9555,United States,2024-09-30
9556,Germany,2023-02-01
9557,United Arab Emirates,2025-02-15
9558,United States,2023-11-30
9559,United States,2024-06-08
9560,United States,2024-03-15
9561,Germany,2025-06-10
9562,United Arab Emirates,2025-07-28
9563,United States,2025-09-19
9564,United States,2023-12-18
9565,United Kingdom,2023-12-05
9566,United Kingdom,2025-07-14
9567,United States,2024-02-04
9568,Germany,2024-01-31
9569,United Kingdom,2023-07-21
9570,Germany,2025-08-19
9571,United Kingdom,2024-06-13
9572,United Arab Emirates,2025-06-27
9573,United Arab Emirates,2023-04-03
9574,United Arab Emirates,2025-03-02
9575,United Kingdom,2023-12-24
9576,United Kingdom,2024-01-31
9577,United States,2025-04-07
9578,United States,2023-03-01
9579,United Arab Emirates,2024-04-21
9580,United Arab Emirates,2024-12-26
9581,United Arab Emirates,2024-09-03
9582,United States,2023-01-01
9583,United Arab Emirates,2024-07-08
9584,United Arab Emirates,2023-11-07
9585,Japan,2023-06-17
9586,Germany,2023-07-11
9587,United Arab Emirates,2023-02-03
9588,United Kingdom,2023-02-03
9589,United Kingdom,2024-11-18
9590,United States,2024-02-21
9591,United States,2024-12-08
9592,United Arab Emirates,2025-09-24
9593,United States,2023-06-07
9594,United Kingdom,2025-01-26
9595,United Arab Emirates,2024-05-14
9596,United Kingdom,2024-01-01
9597,United Kingdom,2023-12-06
9598,United Kingdom,2025-05-07
9599,United Arab Emirates,2023-12-01
9600,United Kingdom,2024-08-05
9601,United Arab Emirates,2023-11-23
9602,United States,2023-04-24
9603,United Arab Emirates,2025-03-07
9604,United Arab Emirates,2025-07-07
9605,United States,2024-02-22
9606,United States,2024-04-12
9607,Germany,2023-05-23
9608,United Kingdom,2024-08-31
9609,United Arab Emirates,2023-11-05
9610,United States,2024-02-05
9611,United States,2023-11-16
9612,United Arab Emirates,2023-07-31
9613,Japan,2023-11-13
9614,United Arab Emirates,2023-07-04
9615,Japan,2023-07-24
9616,Germany,2023-12-30
9617,United States,2023-08-04
9618,Japan,2023-09-03
9619,United States,2023-08-27
9620,United Arab Emirates,2025-03-15
9621,United Kingdom,2024-01-26
9622,United Arab Emirates,2024-06-03
9623,United Kingdom,2025-09-09
9624,United States,2024-08-12
9625,United Kingdom,2025-04-15
9626,United Kingdom,2023-10-04
9627,United States,2025-08-14
9628,Germany,2023-07-21
9629,United Arab Emirates,2023-08-02
9630,United Kingdom,2024-08-28
9631,United Arab Emirates,2024-04-22
9632,United States,2024-05-22
9633,United Arab Emirates,2025-09-02
9634,United States,2023-03-16
9635,United Arab Emirates,2025-09-08
9636,United Arab Emirates,2024-10-30
9637,Japan,2024-10-26
9638,United Arab Emirates,2025-08-11
9639,United Kingdom,2023-05-22
9640,United Arab Emirates,2024-08-12
9641,United Kingdom,2023-11-18
9642,United States,2024-11-24
9643,United Kingdom,2024-04-05
9644,United Arab Emirates,2024-12-07
9645,United Kingdom,2024-10-31
9646,United States,2023-05-26
9647,United States,2023-02-23
9648,United States,2023-12-22
9649,United States,2023-10-04
9650,United Arab Emirates,2025-03-31
9651,United Arab Emirates,2024-08-17
9652,United Arab Emirates,2024-02-04
9653,United Arab Emirates,2024-10-29
9654,United Arab Emirates,2024-05-30
9655,United States,2024-05-13
9656,United States,2023-11-07
9657,Japan,2023-09-28
9658,United Arab Emirates,2024-07-29
9659,United States,2024-03-24
9660,Germany,2023-04-22
9661,United States,2023-08-27
9662,United Arab Emirates,2023-05-24
9663,United Arab Emirates,2024-01-09
9664,United Arab Emirates,2023-01-20
9665,United Kingdom,2024-07-29
9666,United States,2023-10-16
9667,United Arab Emirates,2024-08-15
9668,United Arab Emirates,2023-07-16
9669,United States,2024-01-17
9670,United States,2024-08-03
9671,United Kingdom,2024-11-28
9672,United States,2024-11-09
9673,United Kingdom,2024-12-17
9674,United Arab Emirates,2024-05-06
9675,United Kingdom,2023-06-13
9676,United States,2024-08-28
9677,Japan,2023-09-06
9678,United Arab Emirates,2023-03-09
9679,United States,2025-05-04
9680,United Kingdom,2023-01-21
9681,United States,2025-04-10
9682,United Arab Emirates,2024-05-26
9683,United Kingdom,2024-08-19
9684,Germany,2024-01-25
9685,United States,2024-06-19
9686,United Kingdom,2023-04-21
9687,United Arab Emirates,2025-08-06
9688,United Arab Emirates,2025-05-12
9689,United Kingdom,2024-08-17
9690,Germany,2025-05-19
9691,Japan,2024-04-04
9692,United Kingdom,2023-03-19
9693,United Kingdom,2024-03-09
9694,Germany,2024-01-15
9695,United Kingdom,2024-10-13
9696,United States,2024-03-15
9697,United Arab Emirates,2025-06-06
9698,United States,2025-02-21
9699,United States,2023-12-05
9700,Germany,2025-09-14
9701,United States,2024-02-28
9702,United Arab Emirates,2023-06-18
9703,United States,2024-12-09
9704,Germany,2025-08-22
9705,United Kingdom,2023-09-19
9706,United Arab Emirates,2024-12-27
9707,United Arab Emirates,2024-08-01
9708,United Kingdom,2023-08-17
9709,United Kingdom,2023-06-10
9710,United States,2024-03-02
9711,United Arab Emirates,2023-05-02
9712,Germany,2023-05-29
9713,United Arab Emirates,2025-05-01
9714,United Arab Emirates,2024-12-05
9715,United Kingdom,2025-01-12
9716,United Kingdom,2023-04-21
9717,United Arab Emirates,2024-10-18
9718,United Arab Emirates,2023-08-09
9719,United Arab Emirates,2025-06-22
9720,United States,2023-03-05
9721,United States,2024-09-29
9722,United Kingdom,2024-12-30
9723,United States,2025-03-06
9724,United States,2023-12-20
9725,United Arab Emirates,2024-04-18
9726,Japan,2025-06-27
9727,Germany,2025-01-17
9728,United Arab Emirates,2024-04-29
9729,United Arab Emirates,2023-01-13
9730,United Arab Emirates,2025-07-22
9731,United Arab Emirates,2023-06-02
9732,United States,2023-08-27
9733,United Kingdom,2023-07-09
9734,United States,2024-10-24
9735,United States,2023-03-27
9736,United States,2023-01-21
9737,United States,2024-11-24
9738,United Arab Emirates,2023-11-15
9739,United Kingdom,2023-06-07
9740,United States,2025-08-28
9741,United Arab Emirates,2025-08-21
9742,United Arab Emirates,2024-04-25
9743,Germany,2025-05-28
9744,United States,2023-03-17
9745,United Arab Emirates,2023-11-25
9746,United States,2024-02-20
9747,United States,2023-07-22
9748,United Kingdom,2023-08-17
9749,United Arab Emirates,2023-06-01
9750,Japan,2025-02-13
9751,United Kingdom,2023-03-13
9752,United Arab Emirates,2023-08-13
9753,United Kingdom,2024-04-17
9754,United States,2025-06-15
9755,United Arab Emirates,2024-10-04
9756,United Arab Emirates,2023-12-26
9757,United Arab Emirates,2024-06-23
9758,Japan,2025-03-21
9759,United Arab Emirates,2024-08-31
9760,United States,2023-02-15
9761,Japan,2023-01-01
9762,United Arab Emirates,2024-11-08
9763,Japan,2023-09-02
9764,Japan,2023-08-07
9765,Germany,2024-09-05
9766,United Arab Emirates,2023-10-18
9767,United States,2024-04-02
9768,United States,2023-07-23
9769,Japan,2023-07-21
9770,United Arab Emirates,2024-07-19
9771,United States,2024-04-26
9772,United Kingdom,2025-03-02
9773,United Arab Emirates,2024-05-25
9774,United Kingdom,2025-07-12
9775,United States,2023-10-05
9776,United Kingdom,2023-01-16
9777,United States,2024-06-08
9778,Japan,2023-12-22
9779,United Kingdom,2023-12-22
9780,United States,2025-04-09
9781,United Kingdom,2025-07-27
9782,United Kingdom,2024-08-21
9783,United States,2023-03-19
9784,Japan,2025-07-16
9785,United States,2023-03-08
9786,United States,2025-05-08
9787,United Arab Emirates,2024-12-23
9788,United Arab Emirates,2023-08-02
9789,United States,2024-11-27
9790,United Arab Emirates,2024-03-24
9791,United Arab Emirates,2025-08-22
9792,United States,2024-03-08
9793,United Arab Emirates,2024-06-28
9794,United Arab Emirates,2023-04-25
9795,United States,2025-02-25
9796,United States,2024-02-24
9797,Japan,2024-05-13
9798,United States,2024-12-10
9799,United Kingdom,2024-01-15
9800,Japan,2023-05-23
9801,United States,2025-01-09
9802,United Arab Emirates,2024-09-23
9803,United Arab Emirates,2025-05-14
9804,United States,2023-01-24
9805,United States,2024-06-22
9806,United States,2025-08-02
9807,United States,2023-03-16
9808,United States,2025-01-22
9809,Japan,2024-06-18
9810,United States,2024-11-03
9811,United Arab Emirates,2023-02-10
9812,Germany,2025-01-19
9813,United Arab Emirates,2025-01-20
9814,United States,2024-07-21
9815,Japan,2024-02-17
9816,United States,2024-02-19
9817,United States,2024-03-24
9818,United Kingdom,2024-09-01
9819,United Kingdom,2024-10-19
9820,United Kingdom,2025-09-04
9821,United States,2025-02-12
9822,United States,2024-03-11
9823,United States,2024-07-05
9824,United Arab Emirates,2024-12-05
9825,United Kingdom,2023-08-27
9826,United States,2023-02-11
9827,United Kingdom,2025-01-03
9828,United States,2024-12-08
9829,United States,2025-03-10
9830,United States,2023-01-10
9831,United Kingdom,2025-01-16
9832,Germany,2025-04-16
9833,United Arab Emirates,2023-09-22
9834,Japan,2024-08-03
9835,United Arab Emirates,2024-03-20
9836,United Arab Emirates,2023-05-19
9837,Germany,2025-05-16
9838,United Arab Emirates,2024-12-31
9839,United States,2023-07-15
9840,Germany,2023-03-15
9841,Germany,2024-09-06
9842,Japan,2023-08-13
9843,United Arab Emirates,2024-09-26
9844,United States,2023-04-12
9845,United Arab Emirates,2023-09-21
9846,United Kingdom,2025-08-02
9847,Germany,2025-07-08
9848,United Kingdom,2025-09-25
9849,United States,2023-06-10
9850,United States,2023-08-21
9851,United States,2024-05-05
9852,Japan,2025-02-25
9853,United Arab Emirates,2025-02-08
9854,United States,2023-11-07
9855,Germany,2024-10-12
9856,United Kingdom,2023-08-15
9857,United Arab Emirates,2023-09-30
9858,United States,2025-07-26
9859,United Kingdom,2023-11-13
9860,United Arab Emirates,2025-06-17
9861,Germany,2023-03-27
9862,United States,2023-10-18
9863,Japan,2024-04-13
9864,Germany,2024-12-29
9865,United States,2025-05-20
9866,United Arab Emirates,2024-07-31
9867,United Kingdom,2025-02-07
9868,United Arab Emirates,2024-10-08
9869,Japan,2024-02-08
9870,United Arab Emirates,2024-03-02
9871,United Arab Emirates,2024-01-10
9872,United States,2025-06-20
9873,United Arab Emirates,2024-07-20
9874,United Arab Emirates,2025-05-17
9875,United States,2025-01-24
9876,United Arab Emirates,2023-09-09
9877,United Arab Emirates,2024-06-16
9878,United Kingdom,2023-11-03
9879,United States,2024-03-05
9880,United States,2024-11-05
9881,United Kingdom,2025-05-17
9882,United States,2023-09-21
9883,United Kingdom,2023-03-09
9884,Japan,2023-04-17
9885,United Arab Emirates,2024-02-04
9886,United States,2024-08-01
9887,Germany,2023-07-18
9888,Germany,2023-07-11
9889,United Arab Emirates,2024-05-28
9890,United Arab Emirates,2025-02-07
9891,United States,2024-03-17
9892,United Arab Emirates,2023-01-01
9893,Germany,2023-12-24
9894,United States,2023-04-25
9895,United States,2025-06-21
9896,United Arab Emirates,2024-08-22
9897,United States,2023-07-16
9898,United States,2025-09-07
9899,Germany,2024-08-26
9900,United Arab Emirates,2023-10-01
9901,United Arab Emirates,2025-05-05
9902,United Kingdom,2023-06-09
9903,United Arab Emirates,2023-06-22
9904,United States,2024-06-28
9905,Japan,2024-04-02
9906,United Kingdom,2024-08-07
9907,Germany,2024-03-08
9908,United Arab Emirates,2025-07-17
9909,United Arab Emirates,2024-04-25
9910,United Arab Emirates,2024-03-30
9911,United Kingdom,2023-07-15
9912,Japan,2025-03-06
9913,United Arab Emirates,2024-08-21
9914,United States,2023-11-05
9915,United Kingdom,2025-01-05
9916,Japan,2024-07-09
9917,United Arab Emirates,2025-04-27
9918,United Arab Emirates,2024-05-08
9919,United Arab Emirates,2024-03-14
9920,United Kingdom,2024-10-11
9921,United Arab Emirates,2025-02-20
9922,Germany,2023-12-25
9923,United States,2023-02-05
9924,United States,2023-02-03
9925,United States,2023-03-29
9926,United Arab Emirates,2024-10-19
9927,United Kingdom,2023-01-16
9928,Japan,2025-01-14
9929,Germany,2024-02-25
9930,Germany,2024-07-06
9931,Germany,2025-02-05
9932,United Arab Emirates,2025-03-03
9933,United Arab Emirates,2023-05-06
9934,United Arab Emirates,2023-01-08
9935,United Kingdom,2024-04-16
9936,United Arab Emirates,2024-04-12
9937,United Kingdom,2025-05-29
9938,United States,2025-05-11
9939,Germany,2025-05-01
9940,United States,2024-05-24
9941,Japan,2024-02-06
9942,United Arab Emirates,2025-04-15
9943,United Arab Emirates,2023-06-25
9944,United States,2025-01-09
9945,United Arab Emirates,2025-08-23
9946,United Arab Emirates,2025-04-14
9947,United Kingdom,2025-07-02
9948,United Arab Emirates,2024-01-02
9949,United States,2024-05-02
9950,United Kingdom,2023-01-18
9951,United States,2023-02-25
9952,United States,2025-07-07
9953,United Kingdom,2023-02-04
9954,United Arab Emirates,2025-06-20
9955,United Arab Emirates,2024-09-21
9956,United Kingdom,2025-03-04
9957,United States,2025-02-04
9958,United States,2024-12-25
9959,United States,2024-07-26
9960,United Arab Emirates,2024-08-22
9961,United States,2025-02-21
9962,United States,2023-12-13
9963,United Kingdom,2023-02-01
9964,United States,2025-06-26
9965,United Kingdom,2023-05-13
9966,United States,2024-07-29
9967,United States,2023-07-18
9968,United Arab Emirates,2023-09-13
9969,United States,2023-12-08
9970,United Arab Emirates,2024-10-28
9971,United Arab Emirates,2025-09-01
9972,Japan,2023-08-19
9973,Japan,2023-10-28
9974,United Arab Emirates,2024-06-30
9975,United Kingdom,2023-01-26
9976,United Arab Emirates,2024-06-18
9977,United Kingdom,2024-10-14
9978,Germany,2024-04-18
9979,Japan,2024-01-22
9980,United States,2023-10-12
9981,United Kingdom,2024-03-25
9982,United States,2023-11-16
9983,United Kingdom,2023-06-05
9984,Japan,2024-04-15
9985,Germany,2024-02-24
9986,United States,2023-04-23
9987,United Kingdom,2025-06-20
9988,United Arab Emirates,2024-10-12
9989,United Arab Emirates,2024-02-26
9990,Germany,2025-06-04
9991,United Kingdom,2025-07-18
9992,United Kingdom,2024-12-21
9993,United Kingdom,2025-04-14
9994,Germany,2025-05-25
9995,United Arab Emirates,2025-07-30
9996,Germany,2025-09-20
9997,Germany,2024-08-20
9998,Japan,2023-10-12
9999,United Kingdom,2024-07-25
10000,United Arab Emirates,2023-02-23
